"approval_id","student_id","approval_type","request_date","status","processed_by"
"1","322","Late Submission","2025-01-04","Approved","6"
"2","98","Late Submission","2024-12-13","Rejected","5"
"3","704","Document Verification","2024-10-14","Pending","2"
"4","271","Document Verification","2025-03-19","Approved","7"
"5","274","Document Verification","2025-04-09","Pending","4"
"6","55","Late Submission","2025-05-27","Rejected","4"
"7","847","Document Verification","2025-01-17","Rejected","4"
"8","949","Late Submission","2024-07-26","Approved","10"
"9","749","Document Verification","2024-06-30","Approved","5"
"10","184","Document Verification","2025-05-11","Approved","10"
"11","518","Late Submission","2025-04-10","Pending","2"
"12","938","Document Verification","2025-05-29","Pending","2"
"13","621","Document Verification","2024-09-22","Approved","6"
"14","507","Late Submission","2024-07-12","Pending","5"
"15","876","Late Submission","2025-06-14","Pending","5"
"16","68","Late Submission","2025-03-11","Pending","2"
"17","266","Late Submission","2024-09-29","Pending","2"
"18","582","Document Verification","2025-04-01","Approved","4"
"19","866","Late Submission","2024-08-21","Approved","4"
"20","32","Late Submission","2025-06-22","Pending","9"
"21","925","Late Submission","2024-09-16","Rejected","3"
"22","419","Document Verification","2024-10-05","Pending","8"
"23","466","Document Verification","2024-07-31","Approved","4"
"24","828","Late Submission","2024-09-18","Approved","5"
"25","471","Late Submission","2024-12-19","Pending","8"
"26","210","Document Verification","2025-02-08","Rejected","4"
"27","914","Document Verification","2024-09-24","Pending","9"
"28","757","Late Submission","2024-09-03","Approved","10"
"29","124","Document Verification","2025-05-30","Approved","1"
"30","158","Document Verification","2024-12-17","Approved","1"
"31","625","Document Verification","2024-10-26","Rejected","7"
"32","35","Document Verification","2025-04-13","Pending","6"
"33","559","Document Verification","2024-09-26","Approved","3"
"34","158","Document Verification","2024-11-06","Rejected","1"
"35","157","Late Submission","2025-01-30","Approved","4"
"36","102","Late Submission","2025-05-24","Approved","2"
"37","769","Document Verification","2024-09-09","Approved","3"
"38","674","Late Submission","2025-01-31","Approved","5"
"39","675","Late Submission","2025-02-14","Pending","6"
"40","152","Late Submission","2024-09-20","Approved","10"
"41","479","Late Submission","2025-01-14","Approved","5"
"42","445","Document Verification","2024-09-30","Pending","10"
"43","975","Document Verification","2025-02-14","Rejected","3"
"44","552","Late Submission","2025-05-28","Rejected","8"
"45","82","Late Submission","2025-04-14","Pending","6"
"46","673","Document Verification","2025-02-22","Pending","4"
"47","786","Late Submission","2024-10-27","Rejected","5"
"48","92","Document Verification","2025-06-18","Approved","2"
"49","971","Document Verification","2024-10-30","Pending","8"
"50","996","Document Verification","2025-03-19","Pending","9"
"51","951","Document Verification","2024-09-29","Approved","10"
"52","828","Document Verification","2025-02-17","Pending","6"
"53","560","Document Verification","2024-12-11","Pending","1"
"54","255","Document Verification","2025-06-22","Approved","3"
"55","627","Document Verification","2024-10-14","Pending","3"
"56","137","Document Verification","2025-01-18","Rejected","1"
"57","642","Late Submission","2025-01-27","Pending","9"
"58","994","Late Submission","2024-11-20","Rejected","4"
"59","589","Document Verification","2024-08-22","Approved","9"
"60","256","Document Verification","2024-12-01","Rejected","2"
"61","76","Late Submission","2024-09-17","Approved","9"
"62","553","Document Verification","2024-07-18","Pending","8"
"63","891","Late Submission","2024-09-13","Pending","8"
"64","606","Late Submission","2024-08-13","Pending","5"
"65","683","Document Verification","2025-05-18","Approved","5"
"66","771","Late Submission","2024-08-01","Approved","6"
"67","848","Document Verification","2024-09-02","Pending","7"
"68","377","Document Verification","2024-09-11","Approved","8"
"69","778","Document Verification","2024-12-28","Pending","6"
"70","280","Document Verification","2024-10-12","Rejected","10"
"71","174","Late Submission","2024-11-26","Approved","3"
"72","155","Document Verification","2024-10-01","Pending","1"
"73","439","Document Verification","2025-05-26","Approved","8"
"74","125","Late Submission","2024-09-05","Pending","3"
"75","823","Late Submission","2024-12-26","Pending","8"
"76","4","Late Submission","2025-04-08","Pending","5"
"77","946","Late Submission","2024-08-26","Rejected","4"
"78","580","Late Submission","2025-01-16","Pending","1"
"79","925","Late Submission","2025-03-24","Rejected","7"
"80","199","Late Submission","2025-04-12","Pending","1"
"81","368","Document Verification","2025-04-28","Approved","2"
"82","102","Document Verification","2024-12-12","Pending","10"
"83","55","Late Submission","2025-02-04","Approved","5"
"84","628","Document Verification","2024-08-20","Approved","7"
"85","801","Document Verification","2025-01-20","Rejected","2"
"86","885","Late Submission","2024-09-05","Approved","8"
"87","197","Document Verification","2024-10-10","Rejected","8"
"88","14","Late Submission","2025-02-18","Approved","4"
"89","865","Late Submission","2024-07-04","Approved","2"
"90","490","Document Verification","2025-02-11","Pending","4"
"91","729","Late Submission","2025-04-18","Rejected","3"
"92","708","Document Verification","2025-02-13","Pending","5"
"93","514","Document Verification","2025-05-14","Rejected","5"
"94","27","Document Verification","2025-06-10","Rejected","3"
"95","507","Late Submission","2024-11-16","Approved","9"
"96","378","Late Submission","2025-04-16","Approved","10"
"97","587","Late Submission","2024-12-09","Approved","5"
"98","839","Late Submission","2024-07-09","Pending","9"
"99","410","Late Submission","2024-09-02","Approved","8"
"100","233","Document Verification","2025-01-25","Approved","7"
"101","922","Document Verification","2024-10-14","Pending","3"
"102","2","Late Submission","2025-01-01","Pending","3"
"103","556","Late Submission","2025-04-26","Pending","5"
"104","924","Document Verification","2025-06-13","Pending","9"
"105","766","Late Submission","2025-05-18","Pending","2"
"106","580","Document Verification","2025-06-02","Pending","6"
"107","693","Late Submission","2025-06-02","Pending","2"
"108","785","Document Verification","2025-04-05","Rejected","10"
"109","597","Late Submission","2024-12-02","Approved","5"
"110","732","Late Submission","2025-05-18","Pending","9"
"111","245","Late Submission","2025-04-06","Rejected","10"
"112","415","Document Verification","2025-02-12","Rejected","1"
"113","920","Document Verification","2024-08-26","Approved","2"
"114","32","Late Submission","2024-12-06","Rejected","4"
"115","529","Document Verification","2024-08-03","Approved","4"
"116","689","Document Verification","2024-07-16","Approved","7"
"117","549","Document Verification","2025-06-14","Pending","5"
"118","106","Late Submission","2024-11-06","Approved","8"
"119","720","Late Submission","2025-04-17","Rejected","2"
"120","853","Late Submission","2024-11-04","Pending","10"
"121","208","Late Submission","2025-01-19","Pending","1"
"122","764","Late Submission","2024-07-27","Rejected","9"
"123","385","Document Verification","2024-07-19","Pending","1"
"124","372","Late Submission","2024-12-15","Rejected","3"
"125","677","Document Verification","2024-12-01","Approved","9"
"126","166","Document Verification","2024-06-28","Approved","10"
"127","600","Late Submission","2024-08-18","Rejected","9"
"128","501","Document Verification","2025-02-23","Approved","9"
"129","273","Late Submission","2024-12-26","Pending","9"
"130","425","Document Verification","2025-03-13","Rejected","4"
"131","864","Document Verification","2025-06-21","Approved","10"
"132","451","Document Verification","2024-08-26","Pending","5"
"133","431","Document Verification","2024-07-05","Rejected","3"
"134","111","Document Verification","2024-07-27","Rejected","1"
"135","131","Late Submission","2024-07-26","Pending","7"
"136","295","Document Verification","2024-09-21","Rejected","7"
"137","991","Late Submission","2025-04-13","Pending","5"
"138","376","Document Verification","2024-12-07","Rejected","1"
"139","506","Document Verification","2025-06-20","Rejected","5"
"140","542","Late Submission","2024-08-26","Rejected","1"
"141","268","Late Submission","2024-12-16","Rejected","5"
"142","209","Document Verification","2025-03-23","Approved","1"
"143","888","Late Submission","2025-05-10","Rejected","10"
"144","385","Document Verification","2024-08-12","Rejected","8"
"145","3","Document Verification","2024-07-15","Pending","5"
"146","113","Late Submission","2024-09-22","Pending","2"
"147","836","Document Verification","2025-06-10","Pending","4"
"148","458","Late Submission","2025-01-17","Approved","2"
"149","766","Late Submission","2024-11-28","Rejected","6"
"150","383","Late Submission","2024-08-17","Pending","8"
"151","839","Document Verification","2025-05-01","Pending","1"
"152","214","Document Verification","2024-12-04","Rejected","5"
"153","461","Document Verification","2024-07-31","Rejected","7"
"154","608","Late Submission","2025-05-01","Pending","4"
"155","679","Document Verification","2024-08-12","Approved","9"
"156","43","Document Verification","2025-03-08","Approved","7"
"157","340","Document Verification","2024-08-17","Rejected","10"
"158","990","Document Verification","2024-07-01","Pending","9"
"159","799","Late Submission","2024-11-08","Rejected","10"
"160","537","Document Verification","2024-11-30","Approved","9"
"161","448","Late Submission","2024-11-24","Approved","2"
"162","616","Document Verification","2025-01-21","Approved","10"
"163","192","Document Verification","2025-04-08","Pending","3"
"164","967","Late Submission","2025-03-22","Rejected","5"
"165","159","Late Submission","2025-02-08","Pending","4"
"166","71","Late Submission","2025-04-14","Approved","10"
"167","162","Late Submission","2024-08-21","Approved","5"
"168","788","Document Verification","2024-07-11","Approved","2"
"169","923","Document Verification","2024-12-08","Approved","10"
"170","876","Late Submission","2024-08-26","Rejected","5"
"171","201","Late Submission","2024-08-24","Rejected","7"
"172","807","Late Submission","2025-04-08","Pending","4"
"173","303","Late Submission","2024-09-15","Approved","10"
"174","973","Late Submission","2024-11-15","Approved","9"
"175","222","Late Submission","2024-08-20","Rejected","6"
"176","441","Document Verification","2025-04-27","Approved","3"
"177","893","Document Verification","2024-11-23","Approved","1"
"178","467","Document Verification","2025-02-01","Pending","10"
"179","954","Late Submission","2024-10-08","Pending","2"
"180","881","Document Verification","2024-07-28","Rejected","3"
"181","553","Document Verification","2025-04-21","Pending","6"
"182","134","Document Verification","2024-10-24","Pending","4"
"183","55","Late Submission","2025-01-11","Approved","7"
"184","158","Document Verification","2025-06-12","Rejected","6"
"185","942","Late Submission","2025-06-13","Rejected","10"
"186","800","Document Verification","2024-12-16","Pending","7"
"187","870","Late Submission","2024-10-16","Pending","2"
"188","702","Document Verification","2025-03-10","Approved","5"
"189","26","Document Verification","2024-10-21","Approved","6"
"190","677","Late Submission","2024-09-18","Pending","6"
"191","395","Document Verification","2024-12-14","Pending","7"
"192","749","Late Submission","2025-01-15","Approved","2"
"193","164","Document Verification","2024-08-24","Approved","2"
"194","695","Late Submission","2025-05-02","Pending","2"
"195","49","Late Submission","2025-03-22","Approved","2"
"196","288","Late Submission","2025-05-29","Approved","6"
"197","869","Document Verification","2024-10-21","Approved","1"
"198","239","Late Submission","2024-07-03","Approved","8"
"199","814","Document Verification","2025-05-17","Pending","1"
"200","324","Late Submission","2025-05-09","Approved","2"
"201","587","Late Submission","2025-03-25","Approved","1"
"202","848","Document Verification","2025-01-05","Rejected","1"
"203","994","Late Submission","2025-01-13","Approved","3"
"204","45","Document Verification","2025-06-25","Pending","4"
"205","137","Late Submission","2025-03-14","Pending","10"
"206","865","Document Verification","2024-09-16","Pending","2"
"207","668","Late Submission","2024-07-03","Approved","7"
"208","526","Document Verification","2025-04-10","Rejected","2"
"209","391","Late Submission","2025-01-26","Pending","2"
"210","145","Document Verification","2024-08-07","Rejected","8"
"211","798","Late Submission","2025-03-05","Rejected","5"
"212","741","Document Verification","2025-03-31","Pending","7"
"213","862","Late Submission","2025-05-13","Approved","6"
"214","909","Document Verification","2024-08-26","Pending","10"
"215","123","Document Verification","2024-10-21","Approved","6"
"216","28","Late Submission","2025-05-05","Rejected","5"
"217","862","Document Verification","2024-10-14","Rejected","8"
"218","71","Late Submission","2024-06-26","Pending","6"
"219","85","Document Verification","2024-12-23","Approved","3"
"220","620","Document Verification","2024-11-16","Approved","2"
"221","146","Document Verification","2025-05-04","Rejected","2"
"222","409","Late Submission","2024-09-02","Rejected","2"
"223","481","Late Submission","2024-11-23","Rejected","1"
"224","21","Document Verification","2025-05-07","Rejected","7"
"225","664","Document Verification","2024-11-05","Pending","6"
"226","904","Document Verification","2025-02-07","Approved","3"
"227","571","Document Verification","2025-04-27","Approved","7"
"228","946","Document Verification","2025-03-24","Rejected","8"
"229","646","Late Submission","2025-06-15","Pending","6"
"230","397","Document Verification","2024-09-27","Rejected","3"
"231","273","Late Submission","2024-09-15","Rejected","9"
"232","956","Late Submission","2025-03-20","Pending","8"
"233","495","Late Submission","2025-04-16","Pending","9"
"234","846","Late Submission","2025-03-24","Rejected","10"
"235","505","Late Submission","2024-08-17","Pending","9"
"236","321","Late Submission","2024-10-16","Approved","1"
"237","460","Document Verification","2024-09-21","Approved","8"
"238","826","Late Submission","2024-10-26","Pending","1"
"239","550","Document Verification","2024-09-14","Pending","8"
"240","270","Late Submission","2025-04-28","Pending","10"
"241","304","Document Verification","2024-09-13","Rejected","9"
"242","315","Late Submission","2024-07-24","Approved","6"
"243","977","Document Verification","2025-03-09","Approved","7"
"244","773","Late Submission","2025-04-20","Approved","4"
"245","25","Late Submission","2025-03-02","Pending","6"
"246","647","Late Submission","2025-03-04","Rejected","4"
"247","433","Document Verification","2025-05-08","Pending","6"
"248","884","Document Verification","2025-04-07","Rejected","7"
"249","232","Late Submission","2025-06-23","Pending","5"
"250","91","Document Verification","2024-12-15","Pending","9"
"251","310","Late Submission","2024-09-14","Approved","6"
"252","169","Late Submission","2025-02-05","Pending","8"
"253","132","Document Verification","2025-06-04","Pending","7"
"254","663","Document Verification","2025-05-15","Rejected","3"
"255","759","Late Submission","2025-04-01","Rejected","7"
"256","31","Document Verification","2025-05-25","Rejected","9"
"257","506","Late Submission","2024-12-25","Rejected","2"
"258","323","Late Submission","2025-03-16","Rejected","7"
"259","583","Late Submission","2024-07-11","Pending","6"
"260","73","Late Submission","2024-09-20","Approved","6"
"261","639","Document Verification","2025-04-22","Rejected","3"
"262","32","Late Submission","2024-08-07","Rejected","8"
"263","832","Late Submission","2024-08-17","Rejected","6"
"264","909","Late Submission","2024-07-19","Approved","4"
"265","204","Late Submission","2025-03-25","Approved","4"
"266","551","Late Submission","2024-07-30","Pending","9"
"267","294","Late Submission","2025-03-09","Pending","3"
"268","928","Document Verification","2025-04-11","Rejected","1"
"269","61","Document Verification","2024-11-02","Approved","1"
"270","862","Late Submission","2025-03-31","Approved","10"
"271","69","Late Submission","2025-02-16","Pending","8"
"272","332","Document Verification","2025-06-11","Rejected","7"
"273","943","Late Submission","2024-11-22","Rejected","8"
"274","381","Late Submission","2025-02-04","Approved","3"
"275","903","Late Submission","2025-02-01","Approved","5"
"276","147","Document Verification","2024-07-05","Rejected","10"
"277","225","Late Submission","2025-01-27","Approved","4"
"278","472","Document Verification","2024-10-03","Pending","7"
"279","65","Document Verification","2024-11-24","Pending","4"
"280","258","Late Submission","2025-03-13","Approved","2"
"281","35","Late Submission","2025-04-18","Approved","3"
"282","566","Late Submission","2024-09-07","Pending","10"
"283","235","Late Submission","2024-10-20","Approved","6"
"284","888","Document Verification","2025-04-20","Approved","9"
"285","966","Document Verification","2025-05-08","Pending","9"
"286","685","Document Verification","2025-05-18","Pending","7"
"287","601","Document Verification","2025-03-04","Pending","4"
"288","116","Document Verification","2025-06-24","Rejected","3"
"289","20","Late Submission","2024-09-05","Approved","9"
"290","175","Late Submission","2024-11-12","Rejected","9"
"291","811","Document Verification","2024-07-18","Approved","4"
"292","432","Document Verification","2024-09-15","Approved","2"
"293","542","Document Verification","2025-04-16","Approved","10"
"294","901","Late Submission","2024-10-30","Pending","3"
"295","424","Document Verification","2024-09-10","Approved","3"
"296","195","Document Verification","2025-04-25","Rejected","6"
"297","536","Late Submission","2025-06-06","Approved","6"
"298","325","Late Submission","2024-12-09","Rejected","6"
"299","118","Document Verification","2025-01-14","Rejected","5"
"300","308","Late Submission","2025-05-14","Pending","3"
"301","964","Late Submission","2025-02-15","Rejected","3"
"302","603","Document Verification","2024-11-20","Approved","7"
"303","427","Late Submission","2025-03-27","Approved","3"
"304","69","Late Submission","2024-11-14","Approved","10"
"305","292","Late Submission","2025-03-04","Approved","10"
"306","231","Document Verification","2024-09-08","Approved","4"
"307","49","Late Submission","2024-09-22","Pending","8"
"308","849","Document Verification","2024-12-29","Rejected","1"
"309","652","Late Submission","2024-07-25","Approved","5"
"310","51","Late Submission","2024-07-12","Pending","4"
"311","323","Document Verification","2024-10-07","Approved","2"
"312","548","Late Submission","2025-01-19","Rejected","6"
"313","639","Late Submission","2025-02-19","Pending","1"
"314","151","Late Submission","2024-12-22","Pending","2"
"315","755","Late Submission","2025-06-10","Pending","4"
"316","170","Document Verification","2025-04-27","Pending","4"
"317","511","Document Verification","2025-05-18","Pending","8"
"318","817","Document Verification","2024-12-15","Pending","8"
"319","500","Late Submission","2024-09-04","Rejected","1"
"320","832","Document Verification","2025-01-10","Rejected","1"
"321","244","Late Submission","2024-12-08","Pending","6"
"322","144","Document Verification","2024-07-03","Pending","4"
"323","538","Late Submission","2025-02-22","Approved","9"
"324","587","Document Verification","2024-12-10","Rejected","2"
"325","62","Document Verification","2024-10-17","Rejected","3"
"326","206","Document Verification","2025-01-17","Pending","2"
"327","643","Document Verification","2024-11-13","Pending","8"
"328","688","Document Verification","2024-08-18","Pending","6"
"329","375","Document Verification","2024-08-13","Approved","2"
"330","584","Document Verification","2025-04-05","Rejected","2"
"331","766","Late Submission","2025-01-13","Pending","5"
"332","482","Document Verification","2024-11-28","Pending","2"
"333","343","Late Submission","2024-12-14","Pending","2"
"334","803","Document Verification","2025-06-08","Approved","5"
"335","704","Document Verification","2025-03-24","Rejected","3"
"336","710","Document Verification","2024-10-17","Rejected","1"
"337","993","Late Submission","2024-08-28","Pending","5"
"338","39","Document Verification","2025-02-09","Rejected","4"
"339","347","Late Submission","2024-09-08","Pending","8"
"340","38","Late Submission","2024-06-25","Pending","10"
"341","472","Document Verification","2024-12-01","Pending","7"
"342","608","Late Submission","2025-03-28","Pending","6"
"343","363","Late Submission","2024-11-15","Approved","4"
"344","594","Document Verification","2024-11-15","Approved","1"
"345","703","Late Submission","2025-02-06","Approved","9"
"346","634","Late Submission","2024-09-05","Pending","9"
"347","902","Document Verification","2024-09-28","Rejected","5"
"348","871","Late Submission","2024-10-19","Approved","10"
"349","990","Late Submission","2024-11-21","Approved","8"
"350","459","Document Verification","2025-01-18","Rejected","10"
"351","570","Late Submission","2024-10-06","Pending","9"
"352","880","Document Verification","2025-03-26","Approved","3"
"353","460","Document Verification","2025-03-17","Pending","9"
"354","593","Document Verification","2024-10-19","Pending","3"
"355","87","Late Submission","2024-07-07","Pending","5"
"356","522","Document Verification","2025-03-21","Pending","9"
"357","153","Document Verification","2025-03-31","Approved","6"
"358","547","Late Submission","2024-09-25","Rejected","7"
"359","7","Late Submission","2025-06-20","Pending","7"
"360","169","Late Submission","2025-04-29","Approved","4"
"361","925","Document Verification","2025-02-05","Rejected","4"
"362","606","Late Submission","2025-01-17","Pending","5"
"363","538","Document Verification","2024-07-23","Pending","10"
"364","645","Document Verification","2024-12-02","Rejected","3"
"365","854","Late Submission","2025-06-06","Pending","4"
"366","522","Late Submission","2024-10-25","Rejected","5"
"367","879","Late Submission","2025-03-16","Rejected","5"
"368","121","Late Submission","2024-10-27","Approved","4"
"369","185","Late Submission","2024-11-12","Pending","4"
"370","270","Document Verification","2024-10-23","Rejected","2"
"371","601","Document Verification","2025-02-14","Pending","9"
"372","76","Late Submission","2025-06-25","Approved","8"
"373","100","Document Verification","2024-10-25","Pending","6"
"374","306","Late Submission","2025-05-10","Rejected","7"
"375","952","Late Submission","2024-12-19","Pending","1"
"376","574","Document Verification","2025-03-23","Pending","3"
"377","992","Late Submission","2025-06-02","Approved","9"
"378","962","Late Submission","2025-03-14","Approved","5"
"379","421","Late Submission","2024-08-23","Approved","2"
"380","554","Late Submission","2025-06-22","Approved","3"
"381","793","Late Submission","2025-04-06","Pending","4"
"382","135","Document Verification","2025-03-16","Pending","1"
"383","506","Late Submission","2024-06-29","Pending","8"
"384","697","Late Submission","2025-04-20","Pending","10"
"385","89","Document Verification","2025-05-20","Pending","9"
"386","550","Document Verification","2024-08-16","Pending","1"
"387","118","Document Verification","2024-12-06","Rejected","4"
"388","155","Late Submission","2025-02-01","Rejected","2"
"389","722","Late Submission","2024-09-04","Approved","4"
"390","100","Late Submission","2025-02-01","Approved","4"
"391","959","Document Verification","2024-08-09","Rejected","1"
"392","197","Late Submission","2025-02-05","Pending","7"
"393","467","Late Submission","2025-02-08","Approved","10"
"394","573","Late Submission","2025-03-08","Pending","9"
"395","615","Document Verification","2024-07-25","Pending","10"
"396","6","Late Submission","2024-09-17","Rejected","5"
"397","273","Late Submission","2025-02-09","Rejected","7"
"398","426","Document Verification","2024-07-12","Approved","3"
"399","784","Document Verification","2025-05-25","Approved","1"
"400","701","Late Submission","2024-08-19","Approved","6"
"401","999","Late Submission","2024-07-24","Rejected","3"
"402","280","Document Verification","2024-07-18","Pending","2"
"403","338","Late Submission","2024-11-16","Rejected","1"
"404","841","Document Verification","2024-12-11","Approved","5"
"405","263","Late Submission","2025-06-02","Approved","4"
"406","761","Document Verification","2025-05-30","Approved","3"
"407","295","Document Verification","2025-01-29","Rejected","1"
"408","392","Late Submission","2024-12-19","Pending","1"
"409","636","Document Verification","2024-11-27","Approved","7"
"410","839","Late Submission","2024-11-17","Rejected","6"
"411","350","Late Submission","2024-12-13","Pending","10"
"412","236","Late Submission","2024-06-25","Approved","7"
"413","52","Document Verification","2025-02-06","Pending","7"
"414","1000","Document Verification","2025-05-09","Rejected","9"
"415","18","Late Submission","2025-06-12","Rejected","3"
"416","201","Document Verification","2024-09-19","Pending","9"
"417","900","Late Submission","2025-04-12","Pending","9"
"418","22","Document Verification","2025-04-05","Approved","1"
"419","913","Late Submission","2024-10-29","Approved","4"
"420","514","Late Submission","2024-12-26","Pending","4"
"421","736","Document Verification","2025-04-07","Pending","5"
"422","694","Document Verification","2024-09-18","Pending","7"
"423","685","Late Submission","2025-02-21","Rejected","9"
"424","927","Document Verification","2024-11-01","Approved","10"
"425","434","Late Submission","2024-09-27","Approved","7"
"426","664","Document Verification","2024-11-13","Rejected","10"
"427","604","Document Verification","2025-01-09","Rejected","6"
"428","449","Late Submission","2024-10-05","Rejected","10"
"429","417","Document Verification","2024-09-10","Approved","3"
"430","67","Document Verification","2025-03-18","Pending","1"
"431","860","Late Submission","2025-02-02","Pending","2"
"432","778","Late Submission","2024-11-30","Rejected","6"
"433","931","Late Submission","2025-02-14","Approved","10"
"434","976","Late Submission","2025-03-09","Pending","7"
"435","146","Late Submission","2024-09-11","Approved","10"
"436","934","Document Verification","2024-08-26","Approved","5"
"437","212","Late Submission","2025-06-06","Rejected","6"
"438","806","Late Submission","2024-11-17","Pending","1"
"439","983","Late Submission","2024-07-09","Pending","8"
"440","335","Document Verification","2025-01-25","Pending","4"
"441","409","Late Submission","2024-11-28","Pending","9"
"442","832","Document Verification","2025-05-28","Pending","10"
"443","510","Document Verification","2025-03-22","Approved","7"
"444","316","Document Verification","2025-01-24","Rejected","5"
"445","22","Document Verification","2024-11-29","Rejected","10"
"446","695","Document Verification","2025-01-24","Approved","6"
"447","882","Late Submission","2025-05-01","Approved","3"
"448","905","Document Verification","2024-12-14","Rejected","1"
"449","881","Document Verification","2024-09-12","Approved","2"
"450","970","Document Verification","2025-02-09","Pending","8"
"451","994","Document Verification","2025-04-14","Approved","3"
"452","167","Document Verification","2024-09-25","Approved","6"
"453","635","Late Submission","2024-12-23","Approved","1"
"454","669","Late Submission","2024-11-27","Rejected","1"
"455","718","Document Verification","2024-08-10","Rejected","9"
"456","399","Document Verification","2024-12-28","Approved","5"
"457","356","Document Verification","2025-06-17","Rejected","1"
"458","460","Late Submission","2025-03-10","Rejected","9"
"459","223","Late Submission","2024-12-12","Rejected","9"
"460","426","Late Submission","2025-01-10","Approved","6"
"461","147","Late Submission","2025-01-22","Pending","3"
"462","657","Late Submission","2025-04-23","Pending","2"
"463","964","Late Submission","2025-04-10","Pending","1"
"464","478","Document Verification","2025-02-24","Approved","4"
"465","597","Late Submission","2025-01-04","Rejected","3"
"466","803","Document Verification","2025-04-26","Rejected","5"
"467","328","Late Submission","2024-09-25","Approved","7"
"468","360","Late Submission","2024-08-25","Rejected","10"
"469","631","Document Verification","2024-09-07","Pending","6"
"470","318","Document Verification","2025-04-13","Pending","9"
"471","898","Document Verification","2025-04-15","Approved","7"
"472","290","Late Submission","2024-07-27","Approved","3"
"473","796","Late Submission","2025-05-26","Rejected","4"
"474","465","Document Verification","2024-10-27","Rejected","5"
"475","479","Document Verification","2025-03-15","Rejected","9"
"476","407","Document Verification","2024-10-04","Pending","7"
"477","65","Document Verification","2024-11-09","Approved","6"
"478","37","Document Verification","2024-10-08","Rejected","2"
"479","968","Document Verification","2024-09-27","Approved","3"
"480","54","Late Submission","2024-09-19","Rejected","5"
"481","378","Document Verification","2024-11-16","Rejected","3"
"482","128","Late Submission","2025-04-09","Approved","3"
"483","227","Document Verification","2024-07-15","Rejected","2"
"484","649","Late Submission","2024-12-27","Pending","8"
"485","341","Document Verification","2024-08-22","Approved","5"
"486","515","Document Verification","2024-07-21","Pending","7"
"487","179","Late Submission","2025-06-05","Rejected","3"
"488","474","Late Submission","2025-01-30","Approved","7"
"489","614","Document Verification","2024-10-09","Approved","3"
"490","875","Document Verification","2024-08-21","Rejected","5"
"491","330","Late Submission","2024-10-30","Pending","4"
"492","743","Document Verification","2024-08-13","Pending","7"
"493","949","Late Submission","2025-05-09","Rejected","6"
"494","606","Document Verification","2025-02-24","Pending","1"
"495","770","Late Submission","2024-10-29","Pending","8"
"496","372","Document Verification","2025-02-15","Approved","10"
"497","652","Late Submission","2025-04-13","Pending","3"
"498","328","Late Submission","2025-01-31","Approved","6"
"499","904","Document Verification","2025-01-12","Rejected","4"
"500","839","Late Submission","2024-10-26","Pending","1"
"501","855","Document Verification","2025-03-22","Pending","1"
"502","903","Late Submission","2024-11-26","Pending","10"
"503","820","Document Verification","2024-12-07","Pending","10"
"504","836","Late Submission","2024-07-10","Rejected","6"
"505","478","Late Submission","2025-04-09","Pending","3"
"506","741","Late Submission","2024-09-18","Approved","6"
"507","234","Document Verification","2024-11-12","Rejected","9"
"508","860","Document Verification","2024-10-05","Pending","4"
"509","25","Late Submission","2024-08-15","Approved","9"
"510","661","Document Verification","2025-04-08","Pending","3"
"511","183","Late Submission","2025-04-29","Rejected","9"
"512","981","Late Submission","2025-04-05","Pending","2"
"513","54","Late Submission","2025-03-10","Approved","8"
"514","43","Late Submission","2024-09-26","Rejected","1"
"515","878","Document Verification","2025-02-20","Approved","6"
"516","963","Document Verification","2025-04-04","Rejected","5"
"517","782","Late Submission","2025-02-01","Pending","8"
"518","860","Late Submission","2025-05-01","Approved","9"
"519","869","Late Submission","2025-01-01","Pending","1"
"520","39","Document Verification","2025-05-05","Pending","8"
"521","41","Document Verification","2024-07-22","Approved","7"
"522","662","Document Verification","2024-08-17","Approved","6"
"523","205","Document Verification","2025-01-27","Approved","10"
"524","506","Document Verification","2024-07-30","Rejected","5"
"525","588","Late Submission","2025-03-31","Pending","9"
"526","708","Document Verification","2024-08-17","Rejected","4"
"527","288","Document Verification","2024-12-23","Rejected","7"
"528","947","Late Submission","2024-09-28","Pending","1"
"529","688","Late Submission","2024-11-16","Pending","3"
"530","473","Late Submission","2024-12-17","Pending","1"
"531","554","Late Submission","2025-03-12","Rejected","4"
"532","726","Late Submission","2024-06-25","Pending","4"
"533","192","Late Submission","2025-01-29","Approved","6"
"534","288","Document Verification","2024-11-12","Rejected","4"
"535","779","Late Submission","2025-01-19","Pending","1"
"536","125","Late Submission","2024-08-10","Pending","9"
"537","827","Document Verification","2025-03-09","Rejected","7"
"538","489","Document Verification","2025-05-03","Approved","1"
"539","989","Document Verification","2024-10-03","Pending","1"
"540","557","Document Verification","2024-10-25","Pending","6"
"541","535","Document Verification","2024-09-09","Approved","1"
"542","295","Late Submission","2025-03-20","Rejected","5"
"543","784","Document Verification","2025-03-15","Approved","7"
"544","516","Document Verification","2024-09-19","Pending","8"
"545","409","Late Submission","2024-09-25","Pending","6"
"546","767","Document Verification","2025-02-18","Approved","9"
"547","960","Document Verification","2025-04-23","Approved","5"
"548","131","Document Verification","2025-01-06","Pending","7"
"549","408","Document Verification","2024-07-10","Rejected","6"
"550","529","Late Submission","2025-06-25","Pending","6"
"551","389","Document Verification","2025-03-17","Pending","8"
"552","407","Late Submission","2025-06-14","Pending","7"
"553","378","Document Verification","2024-09-19","Pending","3"
"554","744","Document Verification","2025-01-07","Rejected","4"
"555","579","Document Verification","2024-09-16","Rejected","10"
"556","665","Document Verification","2024-10-09","Rejected","9"
"557","537","Document Verification","2024-12-04","Pending","9"
"558","58","Document Verification","2025-03-15","Approved","7"
"559","537","Late Submission","2024-11-01","Approved","8"
"560","706","Document Verification","2024-07-17","Rejected","1"
"561","754","Document Verification","2024-08-22","Pending","1"
"562","575","Document Verification","2024-08-19","Approved","1"
"563","833","Document Verification","2025-05-29","Rejected","2"
"564","509","Late Submission","2024-10-14","Pending","5"
"565","298","Document Verification","2025-03-14","Rejected","3"
"566","665","Document Verification","2024-08-27","Rejected","10"
"567","465","Document Verification","2025-06-11","Approved","9"
"568","903","Late Submission","2024-09-05","Pending","5"
"569","636","Late Submission","2024-10-24","Approved","7"
"570","699","Document Verification","2024-07-27","Rejected","9"
"571","293","Document Verification","2024-11-13","Rejected","6"
"572","939","Late Submission","2024-09-10","Approved","10"
"573","186","Document Verification","2024-12-02","Pending","9"
"574","63","Late Submission","2025-05-16","Pending","5"
"575","425","Late Submission","2024-08-01","Approved","5"
"576","607","Document Verification","2025-01-11","Pending","6"
"577","764","Document Verification","2025-01-10","Pending","9"
"578","411","Late Submission","2024-07-04","Pending","6"
"579","615","Late Submission","2025-02-23","Pending","10"
"580","606","Late Submission","2024-07-30","Rejected","6"
"581","766","Document Verification","2025-04-30","Rejected","9"
"582","988","Document Verification","2024-07-16","Rejected","10"
"583","204","Late Submission","2024-12-16","Rejected","1"
"584","377","Document Verification","2024-08-01","Rejected","4"
"585","831","Late Submission","2025-04-14","Rejected","3"
"586","904","Document Verification","2025-03-17","Approved","4"
"587","801","Document Verification","2024-10-07","Rejected","3"
"588","476","Late Submission","2024-07-15","Rejected","3"
"589","819","Late Submission","2024-10-03","Pending","10"
"590","60","Late Submission","2024-09-15","Pending","2"
"591","915","Document Verification","2024-10-03","Pending","8"
"592","676","Document Verification","2024-10-09","Rejected","6"
"593","536","Document Verification","2024-11-10","Approved","9"
"594","178","Late Submission","2025-06-07","Approved","2"
"595","491","Late Submission","2025-03-19","Pending","7"
"596","446","Late Submission","2024-07-16","Rejected","6"
"597","548","Document Verification","2024-09-30","Approved","9"
"598","66","Late Submission","2025-02-12","Rejected","7"
"599","990","Document Verification","2024-12-13","Approved","7"
"600","787","Late Submission","2024-08-17","Approved","9"
"601","122","Late Submission","2025-04-27","Pending","9"
"602","789","Late Submission","2024-08-20","Approved","6"
"603","380","Document Verification","2025-03-10","Rejected","4"
"604","771","Late Submission","2025-02-10","Pending","10"
"605","846","Late Submission","2025-06-25","Approved","1"
"606","421","Late Submission","2024-07-31","Rejected","6"
"607","117","Late Submission","2024-09-28","Pending","7"
"608","587","Late Submission","2025-04-06","Pending","4"
"609","199","Late Submission","2025-06-13","Rejected","9"
"610","53","Late Submission","2025-03-07","Approved","4"
"611","122","Late Submission","2025-05-13","Approved","10"
"612","724","Document Verification","2025-04-07","Pending","7"
"613","411","Document Verification","2025-06-03","Approved","7"
"614","465","Document Verification","2025-03-17","Approved","5"
"615","779","Document Verification","2024-10-02","Pending","4"
"616","862","Document Verification","2024-11-04","Rejected","3"
"617","738","Late Submission","2024-11-09","Pending","4"
"618","308","Late Submission","2024-08-17","Rejected","1"
"619","211","Late Submission","2024-11-11","Pending","1"
"620","943","Late Submission","2024-10-26","Rejected","10"
"621","685","Late Submission","2025-05-17","Approved","9"
"622","86","Late Submission","2025-01-14","Approved","8"
"623","161","Document Verification","2024-09-26","Pending","2"
"624","139","Late Submission","2024-11-22","Pending","7"
"625","753","Late Submission","2024-09-26","Pending","4"
"626","157","Document Verification","2024-12-18","Pending","7"
"627","504","Late Submission","2024-10-08","Rejected","6"
"628","218","Late Submission","2024-11-29","Pending","5"
"629","263","Document Verification","2025-02-01","Pending","6"
"630","91","Late Submission","2025-04-11","Pending","10"
"631","551","Document Verification","2025-02-25","Rejected","5"
"632","222","Late Submission","2024-11-02","Rejected","4"
"633","230","Document Verification","2025-04-24","Rejected","3"
"634","761","Late Submission","2025-03-21","Rejected","3"
"635","812","Late Submission","2024-11-14","Pending","8"
"636","494","Document Verification","2025-02-07","Rejected","4"
"637","195","Late Submission","2024-07-29","Pending","2"
"638","214","Late Submission","2025-04-16","Pending","4"
"639","253","Late Submission","2024-08-16","Rejected","10"
"640","21","Document Verification","2025-04-30","Approved","6"
"641","247","Late Submission","2025-01-07","Rejected","3"
"642","913","Late Submission","2024-10-13","Approved","8"
"643","663","Late Submission","2024-07-08","Rejected","10"
"644","748","Document Verification","2025-03-07","Pending","7"
"645","163","Late Submission","2024-11-27","Approved","7"
"646","550","Late Submission","2024-06-30","Rejected","6"
"647","966","Document Verification","2024-09-14","Pending","5"
"648","420","Document Verification","2025-05-31","Rejected","8"
"649","679","Document Verification","2024-11-22","Rejected","9"
"650","576","Document Verification","2024-10-02","Pending","1"
"651","166","Late Submission","2024-12-21","Pending","6"
"652","392","Document Verification","2025-04-22","Pending","5"
"653","360","Document Verification","2025-03-20","Rejected","4"
"654","659","Late Submission","2024-07-22","Rejected","8"
"655","172","Document Verification","2024-09-10","Rejected","9"
"656","470","Late Submission","2025-02-27","Rejected","10"
"657","352","Late Submission","2024-11-26","Pending","4"
"658","770","Late Submission","2025-03-15","Rejected","5"
"659","105","Document Verification","2025-06-22","Rejected","3"
"660","808","Late Submission","2025-04-04","Pending","8"
"661","677","Document Verification","2025-05-07","Pending","5"
"662","24","Document Verification","2024-09-10","Rejected","2"
"663","520","Document Verification","2025-04-11","Pending","5"
"664","923","Document Verification","2025-01-24","Approved","6"
"665","927","Document Verification","2024-11-05","Approved","5"
"666","343","Late Submission","2024-12-31","Pending","7"
"667","377","Document Verification","2024-07-18","Rejected","4"
"668","859","Late Submission","2024-08-11","Approved","8"
"669","714","Late Submission","2025-02-17","Pending","3"
"670","650","Document Verification","2024-10-16","Rejected","9"
"671","151","Document Verification","2025-05-15","Approved","7"
"672","803","Document Verification","2025-06-03","Approved","6"
"673","231","Document Verification","2024-08-14","Pending","4"
"674","739","Late Submission","2024-08-10","Rejected","3"
"675","574","Late Submission","2025-02-09","Approved","2"
"676","145","Document Verification","2024-12-21","Pending","2"
"677","854","Document Verification","2025-05-23","Pending","7"
"678","718","Document Verification","2025-06-14","Rejected","5"
"679","27","Document Verification","2024-09-06","Rejected","8"
"680","747","Late Submission","2025-05-28","Rejected","7"
"681","94","Document Verification","2025-04-02","Pending","9"
"682","346","Document Verification","2025-05-03","Approved","4"
"683","319","Late Submission","2024-09-28","Rejected","7"
"684","557","Late Submission","2025-01-22","Pending","1"
"685","612","Late Submission","2024-10-26","Approved","1"
"686","418","Document Verification","2025-03-21","Rejected","9"
"687","804","Document Verification","2024-07-17","Pending","2"
"688","928","Late Submission","2025-05-25","Rejected","4"
"689","191","Late Submission","2025-01-16","Pending","1"
"690","481","Late Submission","2024-12-26","Pending","5"
"691","712","Late Submission","2024-12-11","Pending","10"
"692","991","Document Verification","2024-09-20","Pending","3"
"693","804","Document Verification","2024-08-09","Rejected","4"
"694","580","Late Submission","2024-10-09","Approved","2"
"695","619","Late Submission","2025-04-22","Rejected","6"
"696","800","Late Submission","2024-07-28","Rejected","8"
"697","384","Late Submission","2024-11-03","Approved","4"
"698","540","Document Verification","2025-03-27","Rejected","1"
"699","570","Document Verification","2025-05-02","Approved","6"
"700","24","Late Submission","2025-03-04","Rejected","6"
"701","99","Late Submission","2025-03-02","Approved","10"
"702","903","Document Verification","2024-08-17","Rejected","5"
"703","725","Document Verification","2025-01-23","Pending","7"
"704","359","Late Submission","2025-02-04","Approved","3"
"705","714","Late Submission","2025-02-04","Approved","5"
"706","274","Document Verification","2024-07-08","Approved","2"
"707","744","Late Submission","2024-09-28","Pending","8"
"708","503","Late Submission","2024-06-29","Pending","5"
"709","206","Document Verification","2025-03-01","Rejected","10"
"710","821","Late Submission","2024-10-06","Pending","9"
"711","610","Document Verification","2024-10-31","Pending","8"
"712","996","Late Submission","2025-03-21","Approved","5"
"713","64","Document Verification","2025-01-03","Pending","9"
"714","36","Late Submission","2025-05-29","Pending","8"
"715","989","Late Submission","2024-11-22","Pending","5"
"716","975","Document Verification","2025-05-18","Rejected","5"
"717","181","Document Verification","2024-11-04","Pending","1"
"718","696","Document Verification","2025-04-19","Rejected","7"
"719","668","Document Verification","2024-12-15","Approved","8"
"720","776","Document Verification","2024-06-29","Rejected","6"
"721","130","Late Submission","2024-11-15","Approved","1"
"722","15","Late Submission","2025-05-07","Pending","5"
"723","741","Document Verification","2025-04-17","Rejected","9"
"724","296","Document Verification","2025-05-08","Pending","1"
"725","438","Late Submission","2025-05-06","Rejected","3"
"726","72","Document Verification","2024-12-13","Rejected","5"
"727","589","Late Submission","2024-12-07","Rejected","4"
"728","544","Late Submission","2025-06-19","Pending","3"
"729","541","Late Submission","2024-08-24","Rejected","10"
"730","308","Late Submission","2025-02-09","Rejected","5"
"731","498","Late Submission","2024-10-03","Pending","10"
"732","856","Document Verification","2025-03-28","Pending","9"
"733","77","Document Verification","2025-03-29","Pending","8"
"734","315","Document Verification","2025-06-10","Pending","8"
"735","837","Document Verification","2025-05-02","Rejected","7"
"736","702","Late Submission","2025-06-18","Rejected","10"
"737","317","Late Submission","2024-12-08","Rejected","9"
"738","655","Document Verification","2024-08-30","Rejected","6"
"739","314","Document Verification","2025-03-24","Pending","3"
"740","367","Late Submission","2025-02-15","Pending","3"
"741","263","Late Submission","2025-06-11","Rejected","3"
"742","881","Document Verification","2024-10-23","Approved","2"
"743","403","Document Verification","2025-01-02","Rejected","9"
"744","103","Late Submission","2024-10-09","Rejected","9"
"745","381","Late Submission","2025-01-27","Pending","10"
"746","869","Late Submission","2024-07-05","Rejected","5"
"747","832","Late Submission","2025-06-02","Pending","5"
"748","575","Late Submission","2024-11-07","Approved","10"
"749","512","Late Submission","2025-03-03","Rejected","4"
"750","275","Document Verification","2024-09-26","Pending","4"
"751","970","Late Submission","2024-09-02","Pending","5"
"752","241","Document Verification","2025-02-13","Approved","3"
"753","386","Late Submission","2024-09-12","Approved","3"
"754","75","Document Verification","2025-01-16","Pending","1"
"755","7","Late Submission","2024-08-13","Approved","5"
"756","26","Late Submission","2025-06-23","Approved","6"
"757","817","Document Verification","2025-01-09","Rejected","3"
"758","258","Document Verification","2025-06-17","Rejected","9"
"759","21","Late Submission","2025-01-01","Approved","7"
"760","267","Document Verification","2025-05-17","Approved","6"
"761","197","Document Verification","2025-05-14","Pending","1"
"762","701","Late Submission","2025-06-13","Approved","4"
"763","526","Document Verification","2024-12-24","Approved","1"
"764","587","Document Verification","2025-01-29","Approved","6"
"765","355","Late Submission","2025-03-11","Rejected","9"
"766","917","Document Verification","2025-06-09","Pending","10"
"767","430","Late Submission","2025-04-08","Rejected","10"
"768","142","Late Submission","2024-10-19","Rejected","8"
"769","608","Late Submission","2025-01-10","Rejected","7"
"770","741","Late Submission","2025-06-19","Pending","7"
"771","312","Late Submission","2024-07-31","Approved","8"
"772","658","Late Submission","2024-08-17","Rejected","4"
"773","869","Late Submission","2024-10-09","Pending","4"
"774","266","Document Verification","2025-05-27","Rejected","5"
"775","47","Late Submission","2024-09-16","Rejected","10"
"776","96","Document Verification","2025-03-08","Approved","5"
"777","987","Document Verification","2024-09-06","Pending","3"
"778","611","Document Verification","2024-09-29","Pending","7"
"779","109","Late Submission","2024-11-25","Rejected","3"
"780","841","Document Verification","2025-05-10","Pending","9"
"781","775","Document Verification","2024-08-03","Pending","2"
"782","707","Document Verification","2025-06-07","Rejected","5"
"783","190","Document Verification","2025-01-07","Rejected","4"
"784","809","Late Submission","2024-08-11","Approved","5"
"785","73","Document Verification","2024-11-14","Rejected","8"
"786","236","Late Submission","2024-11-15","Approved","2"
"787","632","Late Submission","2024-11-30","Rejected","5"
"788","577","Late Submission","2025-02-07","Rejected","2"
"789","258","Document Verification","2025-03-19","Approved","4"
"790","894","Document Verification","2025-05-15","Pending","9"
"791","239","Late Submission","2024-08-21","Approved","1"
"792","665","Document Verification","2024-08-10","Approved","10"
"793","258","Late Submission","2025-05-31","Approved","2"
"794","480","Late Submission","2025-01-29","Pending","9"
"795","307","Document Verification","2025-02-08","Pending","8"
"796","543","Document Verification","2024-10-22","Approved","2"
"797","180","Document Verification","2024-11-10","Pending","5"
"798","496","Late Submission","2024-10-19","Approved","9"
"799","827","Late Submission","2025-03-25","Approved","3"
"800","42","Document Verification","2024-11-12","Rejected","7"
"801","5","Document Verification","2024-08-02","Rejected","2"
"802","146","Document Verification","2025-06-06","Rejected","1"
"803","361","Document Verification","2025-06-19","Rejected","1"
"804","183","Document Verification","2025-03-04","Pending","5"
"805","559","Late Submission","2024-08-23","Pending","7"
"806","893","Document Verification","2025-02-07","Approved","3"
"807","523","Late Submission","2024-10-19","Pending","4"
"808","755","Late Submission","2024-07-07","Rejected","8"
"809","940","Late Submission","2024-10-30","Rejected","1"
"810","413","Document Verification","2025-02-08","Pending","6"
"811","769","Late Submission","2025-06-24","Rejected","10"
"812","501","Late Submission","2025-06-04","Pending","6"
"813","54","Document Verification","2024-07-28","Rejected","6"
"814","459","Document Verification","2025-04-08","Rejected","6"
"815","527","Late Submission","2025-02-26","Pending","9"
"816","280","Document Verification","2025-01-18","Approved","8"
"817","1","Document Verification","2025-05-07","Pending","9"
"818","779","Late Submission","2024-08-19","Pending","4"
"819","325","Document Verification","2025-04-01","Pending","6"
"820","382","Document Verification","2025-03-20","Pending","7"
"821","825","Document Verification","2024-08-09","Rejected","4"
"822","892","Document Verification","2025-03-22","Pending","7"
"823","25","Late Submission","2024-10-05","Rejected","10"
"824","345","Late Submission","2024-07-26","Pending","8"
"825","735","Late Submission","2025-01-28","Rejected","6"
"826","717","Document Verification","2024-12-14","Pending","4"
"827","422","Late Submission","2025-05-22","Approved","8"
"828","819","Document Verification","2025-01-10","Pending","5"
"829","45","Document Verification","2024-08-04","Pending","7"
"830","683","Late Submission","2024-07-03","Rejected","1"
"831","454","Late Submission","2025-02-22","Rejected","7"
"832","621","Late Submission","2025-03-11","Pending","1"
"833","463","Late Submission","2024-12-30","Approved","6"
"834","396","Document Verification","2025-04-21","Rejected","9"
"835","322","Document Verification","2025-03-10","Rejected","10"
"836","73","Document Verification","2025-01-26","Pending","5"
"837","810","Document Verification","2024-08-22","Approved","2"
"838","832","Late Submission","2024-09-03","Rejected","5"
"839","790","Document Verification","2024-11-26","Pending","7"
"840","649","Late Submission","2024-12-02","Rejected","7"
"841","796","Late Submission","2025-02-13","Rejected","9"
"842","838","Late Submission","2025-03-05","Pending","7"
"843","119","Late Submission","2025-04-25","Pending","8"
"844","188","Late Submission","2024-07-07","Rejected","10"
"845","388","Late Submission","2025-06-08","Rejected","5"
"846","241","Document Verification","2024-07-13","Pending","4"
"847","487","Late Submission","2024-09-26","Rejected","1"
"848","315","Late Submission","2024-11-25","Pending","9"
"849","63","Document Verification","2024-12-03","Rejected","5"
"850","365","Late Submission","2025-05-19","Approved","1"
"851","526","Late Submission","2025-03-24","Approved","3"
"852","523","Late Submission","2025-06-08","Rejected","1"
"853","618","Document Verification","2025-03-12","Pending","9"
"854","832","Document Verification","2024-12-11","Approved","1"
"855","282","Document Verification","2024-10-09","Pending","1"
"856","736","Document Verification","2024-08-23","Pending","8"
"857","680","Late Submission","2025-05-19","Approved","7"
"858","757","Document Verification","2025-01-17","Rejected","2"
"859","237","Document Verification","2025-02-01","Approved","5"
"860","850","Document Verification","2025-04-29","Pending","4"
"861","289","Late Submission","2024-12-08","Approved","8"
"862","63","Document Verification","2024-09-25","Rejected","9"
"863","249","Document Verification","2025-05-19","Pending","4"
"864","665","Late Submission","2025-04-21","Rejected","8"
"865","378","Late Submission","2024-09-05","Approved","5"
"866","196","Late Submission","2025-04-03","Pending","5"
"867","686","Late Submission","2024-10-22","Approved","5"
"868","623","Late Submission","2025-04-14","Approved","3"
"869","8","Late Submission","2024-09-21","Pending","2"
"870","94","Late Submission","2025-04-23","Pending","5"
"871","464","Late Submission","2024-08-23","Approved","1"
"872","59","Document Verification","2024-08-17","Rejected","5"
"873","877","Late Submission","2025-04-03","Pending","7"
"874","747","Document Verification","2024-12-10","Approved","2"
"875","977","Document Verification","2025-01-27","Pending","8"
"876","73","Late Submission","2025-05-31","Pending","5"
"877","542","Late Submission","2025-06-07","Rejected","3"
"878","949","Late Submission","2025-04-17","Rejected","4"
"879","827","Late Submission","2025-05-01","Approved","2"
"880","805","Document Verification","2024-07-09","Rejected","10"
"881","782","Document Verification","2025-05-17","Approved","10"
"882","869","Late Submission","2024-08-20","Approved","9"
"883","901","Late Submission","2024-09-03","Rejected","9"
"884","67","Document Verification","2025-06-05","Rejected","10"
"885","916","Document Verification","2025-04-28","Approved","2"
"886","516","Late Submission","2025-01-27","Approved","4"
"887","29","Late Submission","2024-08-16","Approved","4"
"888","217","Document Verification","2025-05-20","Approved","6"
"889","423","Late Submission","2024-10-12","Pending","3"
"890","877","Late Submission","2024-09-28","Approved","7"
"891","945","Late Submission","2025-01-26","Rejected","4"
"892","841","Document Verification","2025-05-21","Rejected","3"
"893","284","Document Verification","2024-09-03","Pending","8"
"894","341","Document Verification","2024-10-14","Approved","4"
"895","727","Document Verification","2024-09-04","Pending","6"
"896","93","Late Submission","2025-02-02","Approved","5"
"897","651","Document Verification","2025-02-25","Rejected","7"
"898","241","Document Verification","2025-04-06","Approved","2"
"899","975","Late Submission","2024-07-18","Rejected","1"
"900","252","Late Submission","2024-11-07","Approved","3"
"901","164","Document Verification","2025-06-18","Pending","4"
"902","345","Document Verification","2025-02-13","Pending","2"
"903","426","Document Verification","2024-12-28","Rejected","2"
"904","617","Document Verification","2025-04-25","Approved","2"
"905","36","Late Submission","2024-12-21","Approved","9"
"906","77","Late Submission","2024-06-30","Rejected","6"
"907","839","Late Submission","2024-11-14","Rejected","10"
"908","738","Document Verification","2025-06-19","Approved","2"
"909","217","Document Verification","2025-03-30","Approved","5"
"910","20","Late Submission","2025-04-19","Approved","2"
"911","520","Document Verification","2024-06-25","Pending","6"
"912","418","Late Submission","2024-08-15","Approved","10"
"913","950","Document Verification","2025-03-19","Rejected","6"
"914","263","Late Submission","2024-11-01","Approved","2"
"915","354","Late Submission","2025-02-21","Pending","2"
"916","451","Document Verification","2024-07-20","Rejected","10"
"917","924","Late Submission","2024-10-28","Rejected","5"
"918","547","Document Verification","2024-09-02","Pending","10"
"919","813","Document Verification","2024-09-27","Pending","6"
"920","717","Late Submission","2024-10-27","Rejected","8"
"921","221","Document Verification","2025-01-30","Rejected","8"
"922","449","Late Submission","2025-05-29","Approved","8"
"923","547","Document Verification","2024-09-29","Pending","3"
"924","245","Document Verification","2024-08-24","Pending","9"
"925","825","Document Verification","2025-02-26","Rejected","7"
"926","779","Late Submission","2025-06-16","Approved","4"
"927","294","Late Submission","2024-12-27","Approved","4"
"928","109","Document Verification","2025-01-16","Rejected","5"
"929","286","Document Verification","2025-06-19","Approved","9"
"930","975","Document Verification","2025-05-25","Approved","6"
"931","850","Document Verification","2025-05-27","Pending","9"
"932","171","Document Verification","2025-03-16","Approved","8"
"933","904","Late Submission","2024-11-15","Pending","7"
"934","401","Late Submission","2024-08-15","Approved","10"
"935","499","Document Verification","2024-10-09","Pending","4"
"936","396","Late Submission","2025-02-22","Approved","10"
"937","219","Late Submission","2024-07-30","Approved","9"
"938","767","Document Verification","2024-08-22","Rejected","8"
"939","476","Late Submission","2025-06-23","Rejected","6"
"940","681","Late Submission","2024-11-22","Rejected","5"
"941","553","Document Verification","2024-07-27","Rejected","6"
"942","714","Document Verification","2024-07-18","Approved","6"
"943","137","Document Verification","2024-07-02","Pending","7"
"944","659","Document Verification","2025-06-03","Rejected","2"
"945","692","Document Verification","2025-01-10","Approved","4"
"946","471","Document Verification","2025-04-10","Pending","4"
"947","811","Late Submission","2024-10-20","Approved","3"
"948","286","Document Verification","2024-12-18","Approved","5"
"949","37","Late Submission","2025-04-21","Rejected","9"
"950","911","Late Submission","2025-01-03","Approved","8"
"951","11","Late Submission","2024-10-01","Approved","1"
"952","165","Document Verification","2024-10-26","Rejected","5"
"953","307","Document Verification","2025-02-21","Rejected","6"
"954","872","Document Verification","2024-11-03","Pending","9"
"955","618","Late Submission","2025-02-21","Approved","4"
"956","749","Late Submission","2025-05-05","Pending","5"
"957","533","Document Verification","2024-12-01","Rejected","5"
"958","390","Document Verification","2025-04-14","Rejected","5"
"959","922","Document Verification","2025-04-13","Pending","5"
"960","363","Late Submission","2024-08-05","Rejected","4"
"961","458","Document Verification","2025-03-19","Rejected","8"
"962","666","Late Submission","2025-03-26","Pending","5"
"963","936","Late Submission","2025-03-15","Pending","8"
"964","238","Document Verification","2024-11-23","Pending","10"
"965","725","Document Verification","2025-03-11","Approved","7"
"966","607","Document Verification","2025-01-30","Rejected","6"
"967","917","Document Verification","2024-07-28","Pending","3"
"968","796","Document Verification","2024-12-22","Approved","4"
"969","464","Document Verification","2025-01-30","Rejected","5"
"970","862","Late Submission","2025-06-09","Pending","4"
"971","350","Document Verification","2024-09-04","Approved","2"
"972","64","Document Verification","2024-09-09","Approved","2"
"973","633","Document Verification","2025-03-29","Approved","2"
"974","57","Document Verification","2024-10-11","Rejected","10"
"975","12","Document Verification","2024-07-04","Rejected","6"
"976","956","Late Submission","2024-09-01","Approved","7"
"977","239","Document Verification","2025-04-19","Pending","3"
"978","283","Document Verification","2025-03-15","Pending","3"
"979","193","Document Verification","2025-03-12","Rejected","7"
"980","498","Late Submission","2024-12-07","Approved","10"
"981","980","Late Submission","2024-10-24","Rejected","6"
"982","852","Document Verification","2024-08-30","Approved","8"
"983","120","Document Verification","2025-06-21","Approved","5"
"984","195","Document Verification","2025-06-07","Pending","8"
"985","720","Late Submission","2025-03-01","Rejected","2"
"986","665","Late Submission","2024-08-26","Rejected","6"
"987","900","Late Submission","2025-04-09","Pending","10"
"988","248","Late Submission","2025-03-13","Pending","6"
"989","92","Document Verification","2024-07-17","Approved","2"
"990","354","Late Submission","2025-02-27","Approved","8"
"991","711","Late Submission","2025-05-07","Approved","4"
"992","392","Late Submission","2024-10-24","Approved","4"
"993","400","Document Verification","2024-12-12","Approved","7"
"994","598","Document Verification","2025-01-12","Approved","7"
"995","464","Late Submission","2024-10-22","Rejected","3"
"996","480","Document Verification","2024-12-27","Rejected","9"
"997","137","Document Verification","2024-10-21","Approved","6"
"998","76","Late Submission","2024-10-16","Pending","2"
"999","507","Late Submission","2025-06-09","Approved","3"
"1000","832","Document Verification","2025-03-16","Pending","9"
