book_id,title,author,genre,published_year,copies_available
1,Something hear.,Matthew Hays,Romance,1996,7
2,Contain shake feeling.,Michael Williams,Fiction,2018,5
3,Action none suggest.,Justin Park,Fantasy,1987,10
4,Many when challenge.,Andrew Lee,Mystery,2022,10
5,Rest north.,Zachary Mckinney,Fiction,1982,8
6,Box course rock.,Stephanie Hawkins,Math,2000,5
7,Out office walk.,Robert Walsh DDS,Romance,2007,2
8,Oil discussion ability.,Christian Williams,Non-fiction,1996,1
9,Wind position.,Megan Bennett,Mystery,1986,5
10,Consumer as individual.,Kimberly Buchanan,Math,1994,3
11,Their medical.,Lisa Miller,Non-fiction,1998,7
12,Decide heart.,Michael Taylor,Biography,1991,3
13,Test everything hospital.,Michael Jones,Non-fiction,1999,6
14,Woman central article.,Nathan Turner,Math,1981,4
15,Republican article.,Bryan Roth,Fiction,1986,6
16,Opportunity material.,Lori Payne,Biography,1987,3
17,Among management.,Christopher Harris,Fantasy,1982,7
18,Improve discuss.,Patricia Carter,Non-fiction,1994,3
19,Sense be never.,Kelly Fuller,Mystery,1989,3
20,Sense study these.,Timothy Delacruz,Math,2015,1
21,Line anyone language.,Jennifer Hayes,Fiction,2011,4
22,Fill process usually.,Alexis Coleman,Romance,1980,9
23,With.,Amy Ellis,Non-fiction,2000,7
24,Seven tree heart.,Tyler Floyd,Fiction,2018,5
25,Drug every result.,Julia Davis,Fantasy,2011,9
26,To and.,John Ryan,Mystery,1989,2
27,Box whether.,Brian Bautista,Romance,1995,3
28,Vote stay.,Robert Nelson,Mystery,2022,4
29,Shoulder safe.,Gina Lowe,Fantasy,2023,7
30,Actually Democrat.,John Macias,Fiction,2020,10
31,Ready place.,Douglas Sanders,Math,1998,7
32,Very shake.,Jennifer Williams,Fiction,2018,7
33,Support his.,Patrick Davis,Math,1994,10
34,Girl reveal that.,Todd Nguyen,Fiction,1998,10
35,Long edge.,John Flores,Math,1990,10
36,Play serve where opportunity.,Mackenzie Mcguire,Biography,2016,10
37,Hold role out.,David Contreras,Science,2018,2
38,Arm administration.,Donald Roman,Fantasy,1999,6
39,Speak person put.,Phillip Nicholson,Science,2010,6
40,Public cold assume.,William Jones,Non-fiction,2021,7
41,Mother shoulder product.,Vincent Stewart,Biography,2016,4
42,Race care energy.,Sonya Wilcox,Non-fiction,1986,5
43,Those result office.,Adam Anderson,Fantasy,2015,8
44,Management.,Jessica Martin,Biography,2020,8
45,Sing which tax.,Jessica Howard,Romance,2018,5
46,Hope night itself.,Mark Harper,Romance,1995,9
47,Up wind western.,Kayla Petersen,Biography,2021,3
48,She high interest.,Joanna White,Romance,1989,4
49,Standard which.,Nathan Reynolds,Fantasy,2002,2
50,Fish drop research.,Ronald Garcia,Mystery,2005,2
51,News staff.,Dean Hunt,Science,2016,4
52,Design write.,Melissa Williams,Math,2008,3
53,Term manager.,Paige Martin,Fantasy,1996,3
54,Agency drop teacher.,Matthew Warner,Mystery,2005,2
55,Thing home.,Brandon Miranda,Fiction,1991,1
56,Around conference.,Monica Prince,Fantasy,1984,2
57,Approach including.,Ryan Young,Romance,1992,6
58,Poor staff want.,Andrew Newman,Math,2015,6
59,Relate cut.,Jennifer Clark,Biography,1987,8
60,Skin role religious.,Lauren Jackson,Math,2003,3
61,Crime describe forget.,Ethan Tyler,Mystery,2004,8
62,Same smile add.,William Blake,Fantasy,2009,9
63,Appear paper.,Mark Howell,Science,2013,3
64,Produce owner.,Monique Lewis,Romance,1982,9
65,Visit between.,Kristen Patton,Romance,2007,4
66,May big.,Danielle Campos,Romance,1984,7
67,I.,John Phillips,Non-fiction,2000,9
68,Less paper adult require.,Evan Bailey,Science,1984,4
69,This teacher.,Veronica Robinson,Non-fiction,2001,8
70,Whatever third thought huge.,Meredith Phillips,Math,2020,4
71,Agreement past treat.,Rachel Terry,Non-fiction,1980,10
72,Partner a often.,Justin Vance,Fiction,2009,9
73,That toward.,Lauren Tucker,Biography,2003,1
74,Rather future different no.,Kimberly Robbins,Romance,2006,6
75,Free cold.,Daniel Dunn,Biography,1984,3
76,Ahead newspaper ability American.,Brittany Elliott,Fiction,2015,4
77,Price boy form behavior.,Kenneth Norris,Science,2023,4
78,Present suggest try.,James Moore,Math,2004,1
79,Enough look service recognize.,Sarah Lynch,Biography,2001,7
80,Magazine.,Michael Parrish,Fantasy,1982,8
81,Road food.,Nicole Berger,Science,2015,10
82,Win which.,Laura Lucas,Non-fiction,1983,6
83,Wide spring.,Angelica Best,Science,2009,8
84,Him loss us.,Charles Calderon,Mystery,1980,2
85,Race newspaper.,David Fernandez,Biography,2014,6
86,Pick call defense.,Shannon Castillo,Fiction,2010,9
87,Defense Mr nation.,Emily Benjamin,Romance,2000,8
88,Ago go participant nothing.,Richard Fry,Fantasy,1988,6
89,Amount fly effect.,Eric Hall,Fiction,2001,6
90,Sell model wish.,Michelle Schmitt,Non-fiction,2007,6
91,Claim physical.,Julie French,Fiction,1994,4
92,Sure fact.,Denise Newman,Non-fiction,1982,1
93,Which operation poor.,Nancy Carter,Biography,1980,7
94,Bring be white.,Monica Williams,Non-fiction,1989,7
95,Paper tend.,Andrea Clark,Fiction,2023,1
96,Drop.,Duane Lawson,Biography,2023,3
97,Protect they car.,Gabriel Boyd,Romance,1991,3
98,Loss.,Chase Taylor,Math,2021,5
99,Build difference lay.,Brent Wallace,Mystery,1993,3
100,With small.,Colleen Smith,Mystery,1983,6
101,Reflect employee.,Zachary Gonzalez,Fiction,1996,1
102,Card third.,Elizabeth Jordan,Fiction,2013,8
103,Join maintain.,Sarah Sanders,Biography,1998,2
104,Participant enjoy while.,Nicholas Potts,Romance,2016,6
105,Energy dog.,Kim Morgan,Fantasy,2014,4
106,Company.,Lindsey Gibson,Fantasy,1981,4
107,Far grow.,Kathryn Barry,Biography,1993,9
108,Mouth operation enter.,Ashley Nichols,Fiction,1999,9
109,Baby store reveal.,David Diaz,Fantasy,2000,5
110,Score nature important.,Toni Jackson,Fiction,2021,3
111,Best then.,Rodney Brown,Science,2000,10
112,Why.,Antonio Evans,Fantasy,2008,4
113,Very owner they.,Joshua Haley,Math,1982,7
114,Across world work just.,Jennifer Lane,Science,2005,3
115,Mouth both easy recently.,Antonio Marshall,Biography,2023,9
116,Field far.,Nicholas Underwood,Non-fiction,1991,5
117,Bed simply.,Emily Waters,Biography,2021,5
118,Cold.,Summer Moore,Fiction,1990,8
119,National open nor.,Jennifer Nguyen,Fiction,1994,5
120,Effort end as.,Desiree Mcconnell,Science,2022,4
121,Soon country.,Karen Miller,Biography,2011,5
122,Available.,Melissa Green,Non-fiction,2023,4
123,Once source inside girl.,Grace Scott,Mystery,1987,4
124,Be even into.,April Tran,Biography,2011,9
125,Since will.,Glenda Rivas,Mystery,2001,10
126,Parent another.,Diane Garcia,Fantasy,1982,7
127,Minute use.,Heather Jones,Fantasy,1986,3
128,Lay kitchen can.,Linda Johnson,Fantasy,2013,10
129,Around concern.,David West,Non-fiction,1996,1
130,Evening treat.,Caroline Williams,Mystery,2012,3
131,Simply degree.,Anthony Cohen,Romance,2016,8
132,Choose ten treatment store.,Brandon Smith,Biography,2019,8
133,Street claim.,Alexandra Chapman,Mystery,2023,8
134,Determine than.,Ms. Alexandria Alvarado DDS,Science,2003,10
135,Prepare ten appear.,Nicole Walker,Non-fiction,2013,3
136,Produce brother order when.,Carmen Bridges,Non-fiction,1993,8
137,White.,Vincent Miller,Math,1991,2
138,Wrong born prevent.,Aaron Scott,Science,2006,10
139,Water rich art firm.,Christina Richards,Non-fiction,2004,8
140,All exactly wide.,Dawn Ray,Fantasy,2011,7
141,Debate score.,Jason Snow,Romance,2009,2
142,Minute store.,Willie Garcia,Biography,1981,3
143,Over gas.,Dominique Jones,Science,2021,8
144,Around lose hard.,Amanda Davis,Biography,1987,10
145,Pressure who.,Tammy Butler MD,Fantasy,1992,9
146,Born not positive.,Isaac Moore,Fantasy,2020,5
147,Author total increase language.,Kathleen Williams,Biography,2000,6
148,Rate the involve.,Michael Gomez,Biography,2020,4
149,Long system.,Brandon Nash,Non-fiction,2017,5
150,Day that push.,Amy Curry,Non-fiction,2023,2
151,Day different.,Heather Burgess,Romance,2006,6
152,Power win.,Marvin Diaz,Math,1984,4
153,Occur within discuss.,John Baldwin,Non-fiction,2004,10
154,Research there.,Joshua Johnson,Non-fiction,1981,5
155,Evening building.,Laura Parks DDS,Fiction,1982,5
156,Eat authority.,Daniel Schneider,Romance,1981,8
157,Appear.,Megan Benjamin,Biography,2023,4
158,Involve natural.,Christina Wiggins,Math,2015,4
159,Standard nature beyond.,Robert Crawford,Romance,1986,9
160,Second write.,Tiffany Williams,Mystery,1984,6
161,Good his most.,Brandon Perry,Fiction,1989,9
162,Fire forget me relate.,Cynthia Anderson,Mystery,1986,2
163,Organization sea important agreement.,Edward Mayer,Non-fiction,1990,7
164,Change quality often.,Roger Calhoun,Fiction,2005,4
165,Life material.,Jessica Brown,Biography,1998,2
166,Less.,Taylor Howell,Science,2007,1
167,Arm talk agent.,Dwayne Williams,Mystery,2003,5
168,Artist lot.,John Perry,Biography,1983,9
169,Need ball.,Melissa Taylor,Biography,2013,1
170,Responsibility include.,Laura Smith,Math,2003,6
171,Forget stand hair.,Christine Harris,Biography,2002,1
172,Herself more method.,Samantha Matthews,Non-fiction,2001,1
173,Collection baby difference.,Michael Evans,Fantasy,2011,8
174,Goal environment price.,April Stewart,Biography,1984,6
175,Station speech.,Luke Dorsey,Science,1988,5
176,Home for risk defense.,Angela Mccarthy,Mystery,2020,4
177,Across system.,William Ellis,Biography,1992,1
178,Set girl approach statement.,Veronica Huang,Romance,2021,6
179,Determine field.,Jason Martin,Mystery,1990,3
180,Skill in.,Dana Thomas,Fiction,1986,2
181,Open.,Kenneth Bullock,Biography,1991,4
182,Place go high.,Ashley Grant,Biography,1995,10
183,Edge yet.,Angela Rivers,Mystery,2008,7
184,Nearly no research.,Darryl Phillips,Science,2022,7
185,Check mouth country.,Raymond Luna,Science,2022,2
186,Go let.,Michelle Irwin,Non-fiction,1995,4
187,Type parent Mrs.,Michael Booth,Non-fiction,2016,2
188,Home next true sit.,Carlos Ryan,Biography,2021,10
189,Plant inside.,Brandy Torres,Fiction,2009,3
190,Effort nearly return.,Erin Byrd,Science,1998,4
191,Production himself.,Nathaniel Mcclain,Romance,1985,4
192,Field tonight.,Jasmine Mccarty,Non-fiction,2001,9
193,Full provide.,Jeremy Walker,Fantasy,1990,5
194,Capital interest assume college.,Jared Holmes,Fantasy,1981,8
195,Side same move important.,Keith Mccoy,Fiction,1997,2
196,Happen early successful.,Rhonda Fields,Fiction,2023,2
197,From.,Chelsea Gutierrez,Fiction,2015,5
198,Will.,Barbara Eaton,Math,1984,7
199,Image amount community.,Jennifer Wade,Math,1986,3
200,Base tough probably.,Mark Tran,Romance,2002,8
201,Find others.,Tony Brown,Mystery,2021,3
202,Own race once.,Mark Moses,Math,2000,6
203,Machine.,George King,Biography,2011,3
204,Thank heart.,Joshua Ramirez,Mystery,2018,5
205,Whose.,Robert Morales,Romance,2021,6
206,Ahead hundred school.,Phillip Calhoun,Romance,2003,7
207,Officer process thank.,Christina Kelley,Science,1988,1
208,Less rock.,Kevin Harrell,Romance,2003,2
209,Song source.,Gabriel Lutz,Fantasy,1980,9
210,Operation able second.,Anthony Clark,Biography,2013,6
211,Able look wide bag.,James Porter,Fantasy,1984,9
212,Mouth method those.,John Lane,Romance,2017,7
213,Race appear within.,Cheryl Smith,Mystery,1989,4
214,Month among benefit.,Hannah Aguilar,Science,2000,1
215,Local wide.,Amy Heath,Fiction,1980,10
216,Ever.,Martin Melendez,Math,2004,1
217,Significant popular in.,Joshua Miller,Biography,1995,3
218,Finish suggest.,Stacy Walton,Romance,2011,6
219,Example require.,Troy Hughes,Mystery,2009,6
220,Land pay.,Charles Vega,Math,2019,6
221,Toward continue.,Kyle Watson,Math,2020,5
222,Drive here especially business.,Brittany Jones,Science,1998,9
223,Method then.,Virginia Ellison,Mystery,2016,2
224,Though lay.,Roberta Campbell,Biography,1994,8
225,Week finish visit.,Zachary Morris,Mystery,2004,3
226,Other born off.,Brian Clark,Biography,1997,2
227,Value east.,Laura Jones,Non-fiction,2014,2
228,Morning per view feel.,Cassandra Baker,Romance,1982,2
229,Then society firm.,Kimberly Golden,Mystery,2021,5
230,Recently house nothing.,Rebecca Bell,Fiction,2008,5
231,How wonder between.,Edward Young,Fiction,2003,8
232,For within glass.,Sean Price,Biography,2000,10
233,This watch.,Justin Smith,Romance,1991,5
234,Major free.,William Elliott,Science,1987,6
235,Church skill.,Rachel Mayo,Non-fiction,2013,4
236,Member.,Christina Harrell,Math,1997,9
237,Let matter dinner fire.,Allison Horton,Fiction,2010,3
238,Report rather color.,Crystal Mccarthy,Biography,1993,8
239,Reveal many budget.,Beverly Luna,Mystery,2021,10
240,Be although.,Kyle Lara,Non-fiction,1983,5
241,Federal know somebody.,Andrea Carroll,Romance,1984,7
242,Reality trouble miss child.,Richard White,Science,1989,7
243,Employee rise.,Ronald Ramos,Fiction,1982,1
244,Man friend him.,Sandra Atkinson,Biography,2002,6
245,Could.,Tommy Griffith,Non-fiction,1984,1
246,Fall gun.,Ashley Tate,Math,2015,1
247,Job then.,Whitney Weeks,Science,1988,7
248,Ok chair future each.,Ryan Oconnor,Biography,1992,4
249,Fear.,Robert Rosario,Non-fiction,1987,3
250,Beautiful worry.,Daniel Barrett,Non-fiction,1980,10
251,Peace structure.,Kenneth Gregory,Science,1993,8
252,Writer answer.,Rebecca Harris,Fiction,1988,8
253,Watch third with.,Lindsay Gonzalez,Fiction,1996,1
254,Threat fish.,Karen Everett,Biography,2022,7
255,Detail school.,William Hayes,Biography,2000,2
256,Road toward for.,Sabrina Mckee,Romance,2022,8
257,Nothing cell vote.,Summer Houston MD,Non-fiction,1994,7
258,Claim when also investment.,John Lawrence,Non-fiction,1985,3
259,Among describe wonder.,Mr. William Delgado,Fantasy,1984,10
260,Doctor rule throughout.,Kim Wong,Fantasy,2003,2
261,Nearly of.,Brian Sharp,Math,2021,8
262,Prevent approach still.,John Harrington,Romance,2020,4
263,Inside position.,Sandra Wright,Fantasy,1993,6
264,They father.,Laura Tran,Non-fiction,1987,3
265,Full idea event.,Christian Garza,Romance,2007,2
266,On day against public.,Danielle Jarvis,Fiction,2018,6
267,Entire statement.,Jeanette Bullock,Science,2017,9
268,Pattern improve sound.,Erik Padilla,Math,1997,1
269,Affect now.,Amy Wagner,Biography,1994,3
270,Indeed school.,Joel Martinez,Mystery,1985,9
271,Course not still rather.,Walter Haynes,Fantasy,2002,9
272,Lead subject.,Mark Johnson,Romance,2013,4
273,Notice people.,Taylor Graham,Fantasy,2023,6
274,Forward top.,Jesse Robertson,Biography,1999,1
275,Figure no pay.,Alan Jones,Mystery,2018,2
276,Nothing off house.,Brittany Jackson,Fiction,2012,5
277,Here end example.,Jeffrey Simmons,Fantasy,2010,7
278,At experience.,Angela Green,Science,2016,8
279,Most woman scene.,Susan Adams,Math,2017,7
280,Management college.,Mary Thomas,Biography,1986,10
281,Next day benefit.,Samuel Braun,Biography,2007,2
282,Be when information.,Linda Haley,Science,2010,3
283,Wide you close specific.,Kerri Garcia,Non-fiction,2011,2
284,View could treatment.,Christopher Henderson,Math,2016,8
285,President have indeed.,Whitney Copeland,Biography,1983,5
286,Determine live early.,Anthony Harris DVM,Mystery,2003,9
287,Next yes.,Michael Sanchez,Biography,2004,9
288,Law position along.,Nicholas West,Romance,2016,1
289,Beautiful reveal skill too.,Luis Ortiz,Non-fiction,2018,5
290,And street.,Katie Stewart,Non-fiction,1983,5
291,Practice onto.,Danielle Phillips,Biography,2021,8
292,Nice marriage.,Andres Dunn,Math,1992,6
293,Enjoy wide.,Charles Miller Jr.,Romance,1992,8
294,Technology impact human.,Dennis Hawkins,Non-fiction,2020,5
295,Boy.,Paul Morris,Fiction,1982,2
296,While on.,Melinda Mcdonald,Science,2018,4
297,Key.,Robin Hoffman,Fiction,2009,9
298,Avoid it left line.,Jacob Lewis,Biography,1984,4
299,Can argue notice street.,Richard Lee,Fantasy,2010,5
300,Together across.,Amber Henderson,Romance,2015,6
301,Well no operation.,Joanna Rose,Mystery,1996,4
302,Common including thing.,Mrs. Susan Jackson,Fantasy,1981,3
303,Knowledge particular long.,Denise Aguilar,Math,2007,6
304,Site staff plan.,Aaron Dougherty,Biography,2021,1
305,Scientist.,Joel Briggs,Science,1992,9
306,Rate defense.,Shane Brown,Romance,2013,5
307,Wish nature history.,Barbara Hurley,Science,2019,2
308,Kind fight five.,Haley Palmer,Biography,1981,7
309,Other full put.,Eric Morris,Math,1991,7
310,Several ask state.,Jennifer Andrews,Mystery,2013,5
311,Term since.,Brandy George,Mystery,2023,4
312,Perhaps could candidate.,Janet Gordon,Fiction,2000,6
313,Style culture development.,Norma Davis,Science,1990,3
314,Have nation want whether.,Marie Krueger,Fiction,2018,1
315,Else factor age.,Nicholas Griffin,Romance,2018,6
316,Skill maybe run information.,Cody Johnson,Non-fiction,1999,5
317,Material author.,Charles Palmer,Mystery,1987,3
318,Goal ever Congress writer.,Allison Hamilton,Math,1988,5
319,Worker culture.,Timothy Johnson,Science,1995,5
320,Statement special camera.,Kevin Mitchell,Non-fiction,1992,3
321,Spend report.,David Barajas,Biography,1996,2
322,Fund performance.,Chris Lopez,Fiction,1984,2
323,Give dinner.,Amy Rivera,Romance,1998,2
324,Eye who.,Randy Garcia,Fiction,1999,7
325,Them major shoulder ok.,Sydney Howell,Fiction,2018,7
326,Book happen.,Sandra Davila,Fantasy,2002,7
327,Follow against another.,Joseph Moore,Fiction,1983,5
328,Anyone.,Jennifer Garcia,Math,1993,3
329,Job remain he.,Andre Jackson,Romance,2004,4
330,Challenge side among.,Katie Martin,Science,2000,7
331,For rather.,Courtney Sullivan,Mystery,1996,7
332,Trouble direction turn.,Jennifer Williams,Biography,2001,2
333,Month thought film.,Kathleen Wood,Biography,2011,5
334,Fact under.,Joel Mcgrath,Science,2012,9
335,Lay but.,Heather Wang,Fiction,1989,6
336,West his feel.,Erin Mack,Non-fiction,2019,10
337,Pressure believe range.,Douglas Powell,Math,1985,5
338,Painting source final all.,Daniel Hartman,Romance,2001,5
339,Cell PM instead.,Douglas Walker,Fiction,2001,4
340,Chair.,Ryan Buchanan,Biography,2019,2
341,Environmental until.,Pamela Owens,Romance,2019,1
342,Season million these.,Paul Marshall,Science,2010,10
343,Pm friend.,Tamara Schroeder,Biography,1987,7
344,From term though.,Jonathan Potts,Biography,2001,10
345,Knowledge attorney eight.,Vincent Austin,Fiction,2009,6
346,Hundred stand happy true.,Scott Sampson,Non-fiction,1983,2
347,Style arm whatever.,Jerry Rosario,Mystery,1993,10
348,Nature fund.,Lisa Porter,Science,2017,1
349,Him election necessary.,Michele Williams,Non-fiction,1990,3
350,Former list.,Steven Williams,Non-fiction,2000,7
351,Congress behavior.,Donald Sutton,Mystery,1986,10
352,Girl program.,Kenneth Gould,Fiction,2010,6
353,Firm easy see.,Robert Jones,Biography,2000,8
354,Science hundred beautiful.,Kayla Nunez,Biography,1985,9
355,Able develop according.,Brenda Bailey,Non-fiction,2016,9
356,Shake even.,Jill Owens,Mystery,1998,7
357,Leg season half.,Sabrina Lewis,Mystery,1981,4
358,Matter resource candidate.,Christopher Mcgee,Fiction,2002,8
359,House interesting part.,Jennifer Shields,Math,2018,2
360,Nice chair almost.,Ricky Richards,Fiction,2018,4
361,The home effort.,Tasha Knight,Non-fiction,2013,3
362,Actually education.,Brandon Nichols,Fiction,1996,4
363,Professor measure.,Christopher Jones,Math,1997,8
364,Feel method.,Xavier Mcclure,Mystery,1983,7
365,Green American.,Jessica Watts,Mystery,1991,6
366,Note me great.,Sharon Velez,Non-fiction,2017,1
367,Wall step environmental.,Lance Cooper,Mystery,2014,10
368,Couple material man.,Joyce Lopez,Fantasy,2015,10
369,Rate win.,David Aguirre,Biography,2003,7
370,Serious guy.,Catherine Johnson,Science,1988,10
371,Structure of.,Joshua Herman PhD,Mystery,1999,9
372,Foreign away.,Laurie Guerrero,Romance,2020,3
373,Whole soon.,Robert Walls,Biography,2008,10
374,Base capital song.,Tracey Brady,Mystery,2018,5
375,Writer anything.,David Brown,Science,2022,8
376,Vote everyone management growth.,Mindy Johnson,Mystery,2000,9
377,Bed.,Andre Brennan,Fiction,1980,9
378,Say dream.,Andre Daniels,Non-fiction,1987,9
379,Stop system.,Keith Zamora,Non-fiction,2012,4
380,Develop modern unit then.,Troy Le,Fiction,2015,2
381,Safe benefit benefit.,Nicholas Benton,Mystery,1989,1
382,Recognize personal your.,Beth Sharp,Romance,2014,6
383,Expect win outside.,Cynthia James,Science,2012,3
384,Station already moment.,James Weaver,Science,2011,8
385,New central let.,Brian Smith,Fiction,1989,3
386,Could speak.,Amanda Silva,Science,1993,4
387,Article recent.,Timothy Williams,Fiction,1988,10
388,Know apply.,Michelle Freeman,Fiction,1985,4
389,Effort suddenly business main.,Christy Maldonado,Non-fiction,2006,10
390,Somebody next real.,Melissa Howard,Mystery,2001,9
391,Apply power end.,David Leon,Fantasy,2012,6
392,Here according.,Stephanie Allen MD,Science,1981,9
393,Party road.,Rachel Santos,Fantasy,2005,9
394,Attorney exactly tend plan.,Keith Flores,Biography,2007,8
395,Investment summer beautiful.,Cheryl Carter,Math,1982,9
396,Middle lot.,Jon Wang,Fantasy,1980,9
397,Not result look.,Tara Robinson,Fiction,1985,2
398,He body time chance.,Sharon Morales,Fiction,2010,9
399,Area truth thing.,Lauren Martin,Non-fiction,2004,10
400,Talk list.,Robert Phillips,Math,1992,4
401,Radio close.,Michael Walker,Fantasy,2001,4
402,Protect analysis quickly.,Anthony Costa,Non-fiction,2012,6
403,Drug window somebody.,Brian Benitez,Fantasy,2003,6
404,Billion herself policy.,Jacqueline Taylor,Mystery,2019,8
405,Plan condition drop.,Lori Stanley,Math,1983,6
406,How edge local.,Kristin Esparza,Romance,1984,10
407,Store hope language.,Angela Horton,Math,2019,9
408,Appear push.,Cindy Hughes,Fantasy,2009,1
409,Produce expert candidate.,Carlos Brown,Fantasy,1998,8
410,Task organization large.,Michael Meadows,Non-fiction,2001,1
411,Author bar.,Matthew Ayala,Fantasy,2015,1
412,Them have reach.,Samantha Holloway,Fiction,2013,2
413,State himself and.,Scott Chandler,Fiction,2021,7
414,Coach same.,Alexandria Browning,Fiction,1993,6
415,Majority present however.,Robert Hobbs,Fantasy,1998,6
416,Already adult law.,Samantha Scott,Mystery,2012,5
417,Great one yard.,Sandra White,Fantasy,1983,6
418,Project system.,Meghan Moss,Mystery,2020,4
419,Over total recently middle.,Julia Perez,Science,2004,4
420,Energy maintain same.,Jeffrey Mitchell,Biography,1989,7
421,Participant federal piece.,Jerome Mueller,Fantasy,2014,5
422,Authority consider vote.,Stephanie Adams,Fantasy,2016,10
423,Last business actually though.,Betty Hicks,Fantasy,2009,4
424,Respond little.,Javier Fuentes,Romance,2009,10
425,American animal hear.,Larry Watson,Romance,1995,2
426,Challenge.,Stephanie Taylor,Mystery,2017,8
427,Include.,Madeline Robinson,Fantasy,1996,4
428,Suggest south share.,Brett Johnson,Science,1989,9
429,Size indeed Mr.,Robert Wells,Biography,2003,4
430,Second north.,Cody Bartlett,Romance,2015,9
431,Positive stand.,Sarah Perry,Non-fiction,2023,10
432,Record especially.,Denise Aguirre,Non-fiction,1986,9
433,Establish style community.,Shawn Tran,Fantasy,1985,9
434,Star foreign know.,Kim Jones,Romance,1993,6
435,Ago response mouth according.,Brandy Anderson,Mystery,1999,1
436,Level fine less.,Jessica Taylor DDS,Mystery,2023,9
437,Religious at fight.,Alexander Jackson,Fantasy,2004,2
438,Air national.,Thomas Brown,Romance,1982,4
439,Later product.,Katherine Riley,Math,1981,5
440,And second.,James Edwards,Fantasy,2002,8
441,Rate strong.,Shawn Padilla,Math,2017,3
442,Then sign court.,Cameron Simpson,Romance,2004,7
443,More capital.,Mary Lopez,Math,1992,3
444,If foreign.,Brittney Lewis,Science,1988,3
445,Prove positive.,Eric Lawson,Science,1990,10
446,A course year.,David Francis,Mystery,1980,5
447,Relate become.,Wendy Hickman,Mystery,1986,1
448,Shake act author Republican.,Patricia Thompson,Fiction,2015,5
449,Professor dinner.,Catherine Moore,Fantasy,2010,1
450,Month where his coach.,Jeff Williamson,Biography,1998,4
451,Low big common.,Robert Rodriguez,Non-fiction,1992,1
452,Say season.,David Arroyo,Non-fiction,2014,5
453,Everyone modern.,Danielle Larsen,Fiction,1993,9
454,Everybody day.,Daniel Cuevas,Romance,1981,3
455,Case simply.,Cody Martinez,Fantasy,2018,10
456,Start sister authority.,John Mclean,Science,2016,1
457,Television deal detail.,Anita Simmons,Fantasy,2010,9
458,Entire season.,Dana Ramirez,Fiction,2002,4
459,Avoid wife.,Michael Mahoney,Romance,2016,2
460,Member social recently.,Sarah Nguyen,Math,2005,1
461,Win become.,Laura Werner,Fiction,2001,6
462,Network music.,Rhonda Whitehead,Fiction,2001,10
463,Identify hundred catch agree.,Jessica Schneider,Romance,2010,9
464,It.,Courtney Gallegos,Non-fiction,1995,5
465,Future item democratic.,Eric Rodriguez,Fantasy,1996,6
466,Newspaper owner station.,Darrell Davis,Math,1989,10
467,Imagine administration.,Christopher Bates,Science,2003,9
468,Fine drop.,Stephen Smith,Mystery,1996,2
469,Surface language.,Steven Sanchez,Biography,1986,10
470,Color well history.,David Vazquez,Fiction,1986,1
471,Doctor.,Richard Goodwin,Biography,1984,3
472,Glass management near.,Laura Pacheco,Biography,1986,7
473,Mouth school.,Michelle Rodriguez,Romance,2009,2
474,Especially break.,Robert Randall,Biography,1983,8
475,Understand seven sea.,Terry Herman,Non-fiction,2003,2
476,Measure Democrat.,Debbie Palmer,Fiction,1983,7
477,Security tree.,Robert Nguyen,Mystery,2000,8
478,Three woman.,Kyle Taylor,Romance,2012,9
479,Dog home sometimes shoulder.,Scott Shaw,Science,2007,3
480,Clear police already ten.,Shannon Kim,Science,2007,1
481,Today away decade.,Ms. Danielle Davis,Mystery,2004,10
482,Finally mean.,Timothy Knapp,Science,2000,10
483,Old number rich.,Lindsay Zavala,Non-fiction,2008,8
484,Although company.,Nicole Compton,Non-fiction,1994,3
485,Short almost.,Jill Norris,Mystery,2005,6
486,Relationship both gun team.,Connor Castillo,Fantasy,2002,6
487,Mother true couple.,Danielle Kim,Math,1999,3
488,Couple exactly everything.,Erica Larsen,Math,2008,1
489,Successful medical.,David Ramirez,Biography,2009,9
490,Mission Congress.,Emily Perez,Romance,2023,8
491,Start.,Elizabeth Smith,Fiction,2012,7
492,Strong cut two feel.,Lindsey Jones,Fantasy,2000,5
493,Color focus within information.,Sheila Hudson,Biography,1995,6
494,See.,Brian Frank,Mystery,1989,5
495,Response success agent.,Jacob Morales,Science,2010,6
496,Take will.,Alexandra Wolf,Fiction,2020,3
497,Firm account.,Courtney Crosby,Fiction,2010,6
498,Everybody maybe similar.,Robert Wolf,Math,1986,7
499,Face building total soldier.,Jesse Mcintosh,Math,1994,10
500,Fire himself.,James Petersen,Mystery,2018,7
501,Responsibility.,Danielle Solis,Biography,1997,10
502,My interesting.,Melinda Garcia,Fantasy,1982,8
503,Scientist let role.,Taylor Simpson,Biography,1987,6
504,Event only.,Isaiah Kennedy,Science,2000,5
505,Scientist poor.,Cindy Gonzalez,Romance,2019,4
506,College product.,Kimberly Clark,Biography,2009,4
507,At prevent.,Tammy Lopez,Mystery,2020,9
508,Success send.,Terry Sanders,Fantasy,1997,5
509,Foot practice quality.,Monica Smith,Fantasy,2021,6
510,Analysis north member.,Michael Barnes,Fiction,2010,7
511,Behind table.,Jennifer Alvarez,Biography,1987,7
512,War.,Stacey Gibson PhD,Fiction,2021,6
513,Option read wall.,William Poole,Non-fiction,1982,1
514,Item.,Sara Miller,Non-fiction,1991,9
515,Practice memory even.,Felicia Mosley,Romance,2007,6
516,Customer direction hour.,Carlos Huber,Science,2007,10
517,Future forget choice dream.,Carmen Robinson,Fiction,1996,4
518,Piece will.,Dennis Morrison,Fiction,2010,8
519,Everybody like.,Kerry Hicks,Math,1993,2
520,Play scientist lead garden.,Eric Archer,Science,2022,8
521,Discussion themselves artist.,Charles Sparks,Fiction,1987,2
522,Data special stuff.,Jennifer Lopez,Math,1983,10
523,Student choice remain.,Jason Lewis,Biography,2000,2
524,Production yet.,Jose Bennett,Fantasy,2011,1
525,Economy such person.,Ralph Ray,Science,1980,2
526,Accept modern can.,Jessica Blair,Fiction,2020,8
527,Among energy.,Mike Page,Romance,2012,4
528,Company bit current.,David Johnson,Non-fiction,2015,9
529,Truth age radio happen.,Jason Nelson,Science,1995,9
530,Tax sport.,Amber Reid,Science,2009,9
531,View front.,Carl Romero,Mystery,2017,9
532,Prove generation.,Jessica Wallace,Math,1991,3
533,Forget pay western.,Kevin Swanson,Science,2005,5
534,Medical population back.,Evelyn Brooks,Biography,2022,7
535,Provide man executive.,Sandra Keith,Biography,2001,3
536,Future one increase.,Heidi Reyes,Fantasy,1986,7
537,Street building effort.,Emily Green,Fiction,1985,5
538,Use recognize among.,Ryan Melendez,Science,2001,1
539,Available speak share four.,Derek Turner,Mystery,1985,7
540,Perhaps low.,Michael Pacheco,Fantasy,2001,6
541,Minute authority.,Walter Walter,Fiction,2018,5
542,Same policy test official.,Douglas Parks,Mystery,2020,9
543,On third blue.,Timothy Osborn,Non-fiction,1987,3
544,Reach.,Jose Aguilar,Math,1981,10
545,Him sing.,Christine Reed,Fiction,2022,8
546,Team loss successful.,Michael Mcbride,Biography,1990,8
547,Religious open hard.,Erin Garcia,Biography,2004,7
548,Property far meet.,Matthew Buchanan,Fantasy,1992,9
549,All teach try.,Lauren Mendez,Math,1985,4
550,Begin size follow.,Scott Sharp,Math,2012,2
551,Company perhaps.,Martha Fox,Non-fiction,1991,8
552,Fear no.,Robert Harvey,Fantasy,1986,5
553,List discover between.,Anna Navarro,Fiction,2013,9
554,Particularly style network decide.,Christie Russell,Fiction,2010,9
555,Can which.,Cassie Rose,Fiction,1983,4
556,Discussion.,Madison Waters,Math,1982,9
557,Success.,Michael Stone,Fantasy,2011,5
558,Western trade sea.,Michael Griffin,Fantasy,1994,6
559,State accept unit.,Dr. Allison Garza DVM,Romance,2011,8
560,Prepare.,Kimberly Tran,Mystery,1987,8
561,Attack there learn.,David Castro,Romance,1987,10
562,Finally edge serve.,Kaitlyn Huerta,Fantasy,1999,3
563,Force kitchen minute.,Eric Garcia,Non-fiction,1995,10
564,Reveal north plan.,James Anthony,Fantasy,2002,6
565,Relate across almost.,Ryan Decker,Fiction,1989,5
566,Example child.,Kathy Cannon,Non-fiction,2000,7
567,Must teacher case concern.,Michael Becker,Fantasy,1980,4
568,Television about rest.,Kevin Cochran,Romance,1996,10
569,Necessary choose.,Christina Bryant,Biography,2000,8
570,Well us.,Michelle Mcdonald,Romance,2010,7
571,Skill put.,Eric Smith,Mystery,1998,8
572,Time strategy ask.,Jimmy Dickson,Science,1984,4
573,Choice figure.,Ashley Potter,Math,1991,10
574,Do late.,Joseph Benitez,Biography,2015,10
575,Worry list program degree.,Katie Kaufman,Mystery,2013,4
576,Sing worry man.,Nathan Day,Romance,2008,2
577,Growth knowledge key may.,Kara Jones,Mystery,2014,6
578,Weight stay before.,Johnny Mitchell,Mystery,1988,9
579,Budget wonder if.,Alice Torres,Romance,1982,2
580,Line.,James Cox,Non-fiction,2006,9
581,Feeling.,David Davis,Romance,2004,4
582,Material less go.,Nicholas Webb,Fantasy,1990,4
583,Thing line simply.,Joseph Collins,Fantasy,2011,9
584,Suggest military establish.,Phillip Johnson,Math,1996,1
585,Good yes someone.,Robert Rodriguez,Mystery,2006,1
586,Attack seven next mind.,Jill Lam,Romance,1999,6
587,Who reality civil strong.,Wendy Davis,Non-fiction,2023,10
588,Morning me record.,Caleb Newman,Mystery,2015,1
589,Son country affect.,Samuel Stone,Math,1988,9
590,Seat.,Erica Peterson,Science,2018,7
591,Serious manage.,Jean Ford,Biography,2014,8
592,Full instead matter.,Jeffrey Williams,Biography,1983,8
593,Collection boy throughout.,Paul Williams,Science,1984,1
594,Teacher well report.,Christina Stanton,Non-fiction,2022,8
595,Dream.,Jenna Hill,Math,1981,8
596,Too hard product.,Jessica Smith,Romance,2007,6
597,Friend vote.,Kristin Wilson,Biography,2005,5
598,Ahead value.,Traci Guzman,Math,2010,3
599,Guess mother country.,April Key,Math,2010,6
600,Behind popular.,Edward Meyers,Fantasy,2002,3
601,Occur name per.,Jennifer Lopez,Fiction,2002,8
602,Subject court in.,Carlos Smith,Non-fiction,2008,7
603,Wall number our step.,Christopher Huynh,Mystery,1985,1
604,Fight forget.,Dwayne Franklin,Biography,1994,4
605,Take big.,Jill Price,Mystery,1982,10
606,Tax rock.,Eddie Long,Math,2005,9
607,South open.,David Moody,Biography,1982,7
608,Meet themselves deep.,Corey Mendoza,Romance,1988,4
609,Likely culture pay.,Jennifer Johnson,Non-fiction,2023,2
610,Effort deep.,Hannah Blankenship,Math,1992,10
611,Language view.,Keith Roman,Fantasy,2004,8
612,Goal church.,John Potts,Math,1994,6
613,Wife.,Lauren Mathis,Fiction,1989,5
614,Season hospital hundred.,Allen Brady,Mystery,1996,2
615,Could cut.,Rachael James,Non-fiction,1986,6
616,Statement read.,Steven Flores,Biography,2003,10
617,List determine city.,Sarah Richardson,Biography,2011,9
618,Goal break.,Kristina White,Fantasy,2018,10
619,Baby soon.,Sara Larson,Fantasy,1980,6
620,Student city law brother.,Breanna Mccarthy,Fantasy,1983,3
621,Or high summer.,Andrea Thomas,Science,1996,8
622,Middle indicate.,Michelle Woodward,Math,1992,1
623,Close yard history.,Denise Juarez,Fantasy,1985,2
624,Own compare.,Matthew Bell,Biography,2007,1
625,Learn road themselves.,Christopher Lopez,Math,1985,2
626,Brother allow surface.,Rachel Griffin,Non-fiction,2006,7
627,Performance page long.,Evelyn Brooks,Science,2003,1
628,Section per.,Gabriella White,Math,2001,2
629,Of activity start.,Christopher Garcia,Science,2017,9
630,Measure they professor democratic.,Michael Fox,Fiction,1990,1
631,Rate space heavy.,Taylor Bradley,Fantasy,2020,9
632,Arrive whether.,Stephanie Williams,Mystery,1991,9
633,Part out option you.,Christopher Roberts,Non-fiction,1985,10
634,Middle high.,Daniel Porter,Fantasy,1987,2
635,Administration PM.,Adam Daniel,Fiction,2003,4
636,Ok start cause.,Matthew Mills,Romance,2022,1
637,Child even respond.,Karen Burns,Science,2006,6
638,House language.,Samuel Rich,Fantasy,2005,4
639,Three risk.,Michael Campbell,Biography,2016,3
640,Three anything activity.,Elizabeth Walker,Fantasy,1987,10
641,Simple everybody.,Michael Fitzgerald,Non-fiction,1998,10
642,Order large charge management.,Cheyenne Wong,Math,1986,3
643,Region anything.,Karen Burns,Fantasy,1998,3
644,Successful person.,Kristina Zimmerman,Mystery,1996,1
645,So determine present.,Nancy Anderson,Romance,2019,10
646,Add huge.,Melinda Wilkinson,Romance,1986,3
647,Say everybody act.,Richard Mullins,Romance,2011,2
648,Shoulder method beautiful.,Matthew Maxwell,Science,1991,3
649,Party heart wish.,Tonya Mclaughlin,Non-fiction,1996,4
650,Describe call.,Jessica Guerrero,Biography,2017,8
651,Several fire.,Carmen Gutierrez,Non-fiction,2011,10
652,Rest free analysis.,Robin Foster,Biography,1980,6
653,Citizen build skill smile.,Christopher Davis,Fiction,2000,4
654,Citizen sometimes consider.,Elizabeth Hall,Biography,2019,5
655,Happy rate space school.,Brittany Patel,Biography,2013,10
656,Soldier house property.,Gregory Garcia,Biography,1994,10
657,Spring ball series.,Brenda Porter,Romance,1998,7
658,Home final size.,Charles Nichols,Fiction,2003,10
659,Message.,Jason Pitts,Fiction,2007,5
660,Different success.,Kevin Wyatt,Biography,1999,4
661,Piece hot successful.,Scott Robinson,Non-fiction,2016,3
662,Between grow.,Linda Hoffman,Biography,2011,8
663,Enter television military house.,Andrew Martinez,Fiction,2017,5
664,Third since program age.,Michael Rivera,Biography,2004,10
665,What available analysis network.,John Anderson,Biography,1983,1
666,Candidate sing.,Veronica Powers,Science,1982,4
667,Onto let paper.,Ariel Blair,Science,1995,6
668,No probably student number.,Marvin Riley,Fiction,2021,6
669,Building media arm.,Ashlee Cochran,Mystery,1985,9
670,Exactly not.,Donna Saunders,Fiction,2006,4
671,Face least capital.,Austin Farley,Mystery,2021,5
672,Pressure full.,Melissa Robinson,Romance,1988,9
673,Usually talk.,Ralph Davis,Fiction,2004,2
674,Same guess.,Jamie Stephens,Biography,2007,9
675,Eight show.,Lisa Evans,Non-fiction,1989,3
676,Report else.,Nathaniel Miller,Fantasy,1988,7
677,Sing contain.,Brian Perry,Non-fiction,1981,9
678,Other structure.,David Morales,Biography,1983,9
679,Money memory.,Joseph Bell,Mystery,2014,9
680,Building.,Valerie Stark,Math,1986,9
681,Little walk.,Jesse Leblanc,Math,1980,8
682,Peace best everybody.,Corey Williams,Fantasy,1991,5
683,Better allow his.,Amanda Green,Non-fiction,2001,8
684,Usually seat.,Tracie Smith,Fantasy,1989,9
685,Carry seem.,Aaron Mcknight,Fiction,2003,5
686,Do wife each.,Michael Preston,Mystery,2022,3
687,Live author western.,Kyle Jacobs,Biography,2023,2
688,Stuff cell.,Oscar Johnson,Math,2016,2
689,Movie truth physical.,Dustin Page,Fantasy,1982,7
690,Amount mind able old.,Debra Adkins,Mystery,1982,9
691,Culture consider.,Michelle Cook,Math,2015,9
692,Production some think impact.,Justin Rubio,Fantasy,2001,4
693,Sense chair could.,Christopher Mcintosh,Biography,2014,10
694,By.,Jesse Barker,Fiction,2021,2
695,Late make.,Carol Taylor,Biography,2004,5
696,Interview American discussion.,Stephanie Hernandez,Fantasy,1980,9
697,Case line conference.,Jasmine Atkins,Mystery,1983,2
698,Relate free.,Deanna Smith,Non-fiction,2004,5
699,Hold such build.,Rebecca Page,Math,2022,7
700,Evidence commercial performance.,Donald Graves,Non-fiction,1999,6
701,Network cold.,Kyle Camacho,Fantasy,2017,4
702,Send able.,Jennifer White,Biography,1985,2
703,Under old.,Kelly Thornton,Math,1988,10
704,Nearly land him.,Caitlyn Mitchell,Romance,2006,9
705,Attack individual.,Jay Duffy,Fiction,1988,8
706,No issue traditional sort.,Bailey Jacobson,Non-fiction,2022,5
707,Pay.,Nicole Nelson,Romance,2006,1
708,Paper tax.,Edgar Ford,Biography,2018,4
709,Carry strong because.,Ross Rivers,Biography,1988,1
710,Six picture.,Daniel Wright,Mystery,1997,6
711,Surface agency you.,Christina Giles,Science,2014,5
712,Possible relate.,Crystal Merritt,Romance,2006,4
713,Catch some wear.,Alexandria Morton,Fantasy,1983,7
714,Inside always.,Phillip Brown,Fiction,1983,6
715,Amount guy high.,Larry Baker,Non-fiction,1989,9
716,Show sister security.,Stephanie Moore,Biography,2000,9
717,Lot fine American.,Michael Cobb,Non-fiction,1992,1
718,Former agree.,Robert Chen,Science,1991,5
719,Surface politics yourself physical.,David Bird,Biography,1992,3
720,Very.,John Diaz,Fantasy,1993,4
721,Page those.,Paige Lowe,Fantasy,1990,9
722,One.,Courtney Phillips,Romance,1982,2
723,Difference.,Crystal Cowan,Romance,2009,2
724,Sister friend respond glass.,Haley Wood,Non-fiction,2009,8
725,Two drug.,Jesse Miller,Fiction,1996,3
726,Music discover.,Eric Williams,Math,2016,7
727,Including writer.,Teresa Woodward,Biography,2011,2
728,Wait parent.,Donna Dean,Science,2015,9
729,Usually product.,Frank Davila Jr.,Biography,2022,2
730,Nice yet.,Brittany Cox,Fantasy,1981,1
731,Perform tend.,Edward Wu,Math,2004,4
732,Piece else.,Julian Lambert,Science,2000,8
733,Line size.,Courtney Rogers,Math,2002,9
734,Vote quite fund.,Jennifer Shaw,Fiction,2012,2
735,Heavy beyond major.,Michael Cox,Fiction,2018,2
736,Truth.,Kimberly Barajas,Fantasy,1980,4
737,Stock not training.,Dr. Alicia Tucker MD,Science,2003,10
738,Interview case wall.,Tami Little,Fiction,2011,5
739,Stuff individual break.,Katherine Powell,Mystery,2015,2
740,Peace especially.,Olivia Miller,Non-fiction,2008,9
741,Skin myself expect education.,Sarah Pierce,Fiction,2011,1
742,White let sister.,Bruce Hawkins,Mystery,1984,4
743,Hold charge.,Lance Robinson,Fiction,1980,1
744,Color career month.,Stacey Hughes,Mystery,1981,10
745,Water relationship.,Jennifer Anthony,Math,2021,7
746,Next against popular.,Erika Rios,Non-fiction,2013,4
747,Sport bill information.,Wendy Hutchinson,Science,1996,6
748,Moment present decision.,James Spears,Fantasy,2014,6
749,Foot so.,Eric Vargas,Biography,2008,9
750,Administration Mrs party.,Bobby Wolfe,Romance,2010,8
751,Edge four.,Michelle Raymond,Non-fiction,2019,10
752,Kid view knowledge.,Jessica Hawkins,Science,2013,6
753,For rock.,Mr. Christian Hamilton,Math,2020,3
754,Turn east total.,Mark Hudson V,Mystery,1986,1
755,Great past behavior his.,Jessica Mitchell,Mystery,2011,7
756,Set return along.,Jason Walker,Fiction,1991,9
757,Artist current.,Jasmine Wade,Non-fiction,1988,10
758,Learn reflect buy.,Teresa Garrett,Science,1992,6
759,Over through.,Randall Jackson,Science,2020,7
760,Account.,Richard Butler,Fantasy,2019,2
761,Ago evidence forward.,Michael Williams,Non-fiction,2001,4
762,Soon class.,Brett Rivas,Math,1990,3
763,Mrs scientist.,Annette Wilson,Mystery,2017,5
764,Value point.,Robert Arnold,Fantasy,2016,2
765,Color citizen.,Denise Hill,Fantasy,1994,10
766,Very executive.,Derek Gray,Math,2020,1
767,Drug tough similar.,Jane Knight,Fiction,2022,1
768,Mean organization movie.,Nicholas Harrell,Science,1991,5
769,Know check.,Joshua Smith,Science,2000,3
770,College catch.,Mark Wright,Fiction,2020,1
771,After garden affect.,Maria Freeman,Fantasy,2001,8
772,She rest paper.,Frederick Jackson,Fantasy,1987,3
773,Office miss daughter thousand.,Robert Keller Jr.,Science,1999,7
774,Law.,Samantha Rodriguez,Non-fiction,1999,5
775,First billion.,John Crane,Math,1993,5
776,Discover nothing.,Elizabeth Dunn,Fiction,2015,10
777,Age staff street.,Ryan Thompson,Fantasy,2006,5
778,Example.,Teresa Patterson,Biography,1980,7
779,Include rise.,David Gordon,Romance,1985,3
780,Artist later program.,Tammy Scott,Math,2014,1
781,Live doctor represent.,Robert Rodriguez,Math,1997,3
782,Human note usually.,Chelsea Fields,Biography,2017,7
783,Relationship truth listen.,Benjamin Shepard,Biography,1994,2
784,Compare under child.,Elizabeth Miller,Fantasy,2019,8
785,Charge third.,Mary Goodwin,Math,1995,1
786,Moment plant arrive senior.,Matthew Cruz,Fantasy,1988,10
787,Easy person.,Bridget Smith,Biography,2005,6
788,Support everybody.,Aaron Little,Fantasy,2011,10
789,Above good.,Travis Lee,Fantasy,2013,10
790,Form.,Rebecca Cline,Fiction,1991,7
791,Society analysis.,Deanna Thompson,Math,2011,9
792,Get give.,Edward Stephens,Romance,2015,5
793,He much away.,Meagan Gill,Math,2013,5
794,Help front west.,Eric Robinson,Mystery,2015,4
795,Film.,Laura King,Mystery,1983,3
796,Yeah beyond.,Mr. Zachary Hill,Romance,1988,4
797,Least possible benefit.,Jamie Knapp,Biography,2023,4
798,Interest stop.,David Romero,Fantasy,1981,4
799,Full name.,Jennifer Walton,Romance,2021,8
800,Quality right common.,Jacob Briggs,Biography,1980,3
801,Eye learn best situation.,Benjamin Young,Non-fiction,2014,1
802,Water woman window.,Robert Henry,Science,1992,1
803,Item use.,Tina Vega,Math,2022,2
804,Serve.,Crystal Hill,Romance,2002,6
805,Top area.,Emily Miller,Mystery,2014,2
806,Manager necessary.,Christopher Jones,Fantasy,1985,7
807,Physical catch provide.,Melissa Mckay,Science,1986,2
808,Through certain common.,Ralph Perez,Math,2015,8
809,Appear wind.,Tyler Ramirez,Fiction,1988,3
810,Wall administration call.,April Nash,Non-fiction,1981,10
811,Through report.,Tiffany Garcia,Fantasy,1990,7
812,Pattern party.,Elaine Long,Non-fiction,1997,3
813,Ten fine.,Brandon Daniels,Math,2000,10
814,Suddenly push.,Clifford West,Science,1993,4
815,Although race.,Valerie Dennis,Science,1994,6
816,Often item.,Lauren Rosales,Science,1995,5
817,Study commercial activity.,Robert Jones,Mystery,1986,4
818,Them create third.,Laura Pierce,Non-fiction,1997,10
819,True more whether.,Joseph Townsend,Science,1985,10
820,Either heavy.,Carly Johnson,Math,2008,10
821,Member international get.,Chelsea Sanchez,Non-fiction,2013,3
822,Worry lose possible.,Daniel Graham,Math,2006,3
823,Letter recognize officer.,Joseph Green,Fantasy,1986,3
824,How fly.,Mary Welch,Fiction,2010,9
825,Plant.,Gerald Macdonald,Math,2010,9
826,Tv late.,Steven Arias,Math,2005,3
827,Republican election law.,Mrs. Angela Riddle DDS,Science,2008,9
828,Very.,Matthew Welch,Romance,1981,10
829,Cut shake.,Sean Miller,Math,2014,1
830,Level traditional experience report.,Cindy Morales,Fiction,1988,9
831,Appear instead money.,Kelly Madden,Fantasy,1986,10
832,Anything.,Edward Williams,Fiction,1994,3
833,Population land.,Edwin Brown,Fiction,2002,7
834,Coach leg light kid.,Shaun Atkins,Fantasy,2005,6
835,Difference media.,Kelly Kaufman,Romance,2021,9
836,Instead Congress kind.,Sherry Cooper,Fiction,2008,10
837,Knowledge economy.,Melissa Wilkerson,Mystery,2003,9
838,Government reflect.,Leah Bennett,Fantasy,1993,10
839,Risk long trade.,Robert Campbell,Fiction,1987,7
840,Everyone lot.,Charles Gonzalez,Romance,1983,6
841,Station worry.,Thomas Garcia,Fantasy,2001,8
842,Religious season.,Jennifer Williams,Fiction,2020,5
843,Require world party.,Eduardo Baird,Mystery,2020,2
844,Director adult shake.,Daniel Armstrong,Fiction,2022,1
845,Religious coach.,Jonathan Evans,Mystery,1985,1
846,Manager nice onto.,Veronica Romero,Math,2004,10
847,Next than brother.,Thomas Wilkinson,Fantasy,1995,10
848,Game your all.,Nicole Williams,Science,1989,10
849,Southern mention.,James Diaz,Science,1995,5
850,Find example personal.,Bethany Garcia,Math,2011,2
851,Line military measure set.,Bridget Williamson,Science,2015,2
852,Line study.,Michelle Fields,Mystery,2010,2
853,Station true.,Thomas Lawson,Romance,2010,3
854,Worry finish.,Timothy Benson,Biography,1994,9
855,Appear soldier coach.,Charles House,Fantasy,2011,7
856,Instead north.,Melanie Reed,Fiction,2002,10
857,Start Congress hand.,Stephanie Lyons,Fantasy,1999,5
858,Instead ok.,Stanley King,Fiction,2012,3
859,Way assume drug.,Susan Lopez,Biography,1985,6
860,Month staff.,Mary Trujillo,Fantasy,2018,10
861,Do yard.,Jose Espinoza,Fiction,2022,10
862,Method despite tax road.,Christopher Chavez,Math,2023,2
863,Pay wear.,Andre Davis,Math,2023,4
864,Tell build.,Stephanie Mcdaniel,Math,1987,4
865,Fall chance minute model.,Ian Avila,Science,2020,1
866,Nation ahead they.,Peter Reynolds,Non-fiction,1985,6
867,Place front.,Michael Gross,Non-fiction,2013,10
868,Start adult the.,Monique Mcbride,Math,1998,10
869,Left institution range.,Curtis Meza,Science,1994,3
870,Level house expect.,Mark Barnes,Non-fiction,2002,2
871,Rich room.,Adam Flores,Science,1994,6
872,Seat land these.,Keith Stewart,Math,1999,4
873,Time report exist.,Jay Vega,Non-fiction,1994,3
874,Yard couple audience across.,Ralph Watson,Mystery,2014,7
875,Interesting girl camera.,Larry Neal,Fiction,1988,6
876,Choose test discussion.,Mr. Anthony Thomas,Non-fiction,1995,10
877,Song.,Jeffrey Dunlap,Fiction,2006,6
878,Act you among.,Pamela Burgess,Fantasy,1998,10
879,Send.,Matthew Hernandez,Non-fiction,2012,2
880,You explain determine.,John Willis,Science,1984,3
881,Director often.,Brandon Taylor,Math,1991,4
882,And reach style carry.,Stacy Foster,Non-fiction,1985,1
883,Discover.,Donna Jones,Science,2012,3
884,Carry only indeed.,Rebecca Moreno,Science,1987,1
885,Evening soon oil.,Colin Cox,Math,2019,7
886,Left brother.,Matthew Parker,Fantasy,1997,5
887,Medical religious task.,Paul Cole,Fantasy,1980,7
888,Word enough each.,Gwendolyn Miller,Romance,1983,5
889,Doctor small.,Shawn Graham,Fiction,2001,2
890,Pick road city.,Ronald Jones,Science,2009,7
891,Expert future.,Alicia Shepherd,Biography,2013,9
892,So.,Rebecca Turner,Mystery,2016,7
893,Ten now cup.,Louis Spencer,Non-fiction,1986,9
894,All truth morning.,Jonathan Bernard,Fantasy,1986,3
895,Fund future arrive.,Shawn Jordan,Fiction,1994,4
896,By American.,Amy Welch,Biography,2004,7
897,Though down.,Dr. Vanessa Jackson MD,Science,2006,6
898,Radio citizen example.,Scott Brown,Science,2006,10
899,Worry eight.,Amy Andrews,Biography,2008,7
900,Fine reduce perhaps.,Joseph Walker,Math,2008,4
901,Manager experience hundred.,Tara Johnson,Fantasy,1997,8
902,May along.,Anne Thomas,Non-fiction,1990,6
903,Republican west police.,Lisa Miller,Science,1997,8
904,Economy standard during.,Gary Kelly,Science,2020,3
905,Different identify member.,Aaron Clarke,Fiction,2005,1
906,Group mouth the.,James Doyle,Math,2018,1
907,Send past.,Michael Robinson,Romance,2013,3
908,Week matter result.,Rachel Yates,Non-fiction,2003,2
909,Bar catch top.,Mary Richards,Romance,1982,5
910,Thought month owner find.,Adam Logan,Fantasy,2002,9
911,Lose own expert.,Bryan Wagner,Science,1985,4
912,Design subject.,John Freeman,Non-fiction,2000,3
913,Sit.,Tammy Hunter,Mystery,1981,4
914,Something seat or simply.,Victoria Rivera,Biography,2014,9
915,Sit loss their.,Patrick Martinez,Mystery,2010,7
916,Course so.,Brooke Mcdonald,Fantasy,1996,9
917,Teacher discover.,Julian Mccarthy,Fiction,1999,7
918,Become he possible.,Michelle Brown,Romance,1983,2
919,Resource shake store.,Joseph Soto,Non-fiction,2001,7
920,Blood ok.,Kim Brock,Fantasy,1990,9
921,Leave arrive visit.,Mark Pierce,Romance,2012,10
922,Itself world fund.,Gary Montgomery,Fiction,2009,3
923,Public generation.,James Graham,Biography,1990,4
924,Civil ever understand.,Julie Ramsey,Romance,1991,8
925,Customer cold assume.,Scott Wallace,Fantasy,2017,5
926,Somebody follow.,Rebecca Gordon,Science,1992,6
927,Contain note tax.,Diamond Richmond,Fantasy,1999,6
928,Number name.,Andrew Curtis,Science,1998,9
929,Social Congress.,Monica Ramirez,Math,1984,1
930,Star above past.,David Mckinney,Fiction,2023,1
931,Rule like fish compare.,Amy Mitchell,Biography,2014,2
932,Full painting.,Devin Schultz,Biography,2000,7
933,Course air rest.,Chelsea Peck,Math,2003,5
934,Million trade.,Deborah Gray,Fantasy,1992,4
935,Arm star just.,Michael Andrade,Biography,2003,3
936,Very rather three.,Nicole Taylor,Biography,1994,1
937,Service degree consider.,Shannon Barber,Fantasy,1992,1
938,Second blood.,Faith Patrick,Fantasy,1996,5
939,Area rise office.,Sharon Romero,Fantasy,1990,5
940,Democrat mouth.,Amanda Smith,Mystery,1990,1
941,Page town.,Robin Cuevas,Non-fiction,2005,8
942,Crime more.,Rose Huang,Fantasy,2013,9
943,Type.,Molly Allen,Fantasy,2013,7
944,After experience right.,Carol Barton,Fiction,2009,1
945,Later do.,Jeffrey Mcguire,Fiction,2001,8
946,House throw put.,Sara Pineda,Science,2021,1
947,Tonight determine color.,Alyssa Flores,Fantasy,1987,3
948,No book.,Randy Green,Non-fiction,2013,5
949,Must record send simply.,Mary Morse,Biography,2017,1
950,Art.,Kristi Taylor,Fantasy,1998,10
951,Director mother strategy.,Lauren Underwood,Non-fiction,1986,6
952,Miss why.,Micheal Webb,Mystery,2020,10
953,Exist here interview.,Daniel Hahn,Romance,2000,1
954,Piece address.,William Steele,Non-fiction,2009,3
955,Investment include office inside.,Jennifer Black,Fantasy,2023,9
956,Ability place.,Melissa Phillips,Non-fiction,1994,5
957,Just interest admit section.,Nicole Howard,Mystery,2003,10
958,Theory shake tend.,Trevor Baxter,Science,2009,1
959,Number authority also.,Wayne Davis,Math,1981,4
960,It thank.,Stacey Bailey,Biography,1980,9
961,Grow several note.,Cody Romero,Romance,2021,5
962,Show let kitchen.,Ricky Robinson,Math,1980,9
963,Oil rule safe.,Diane Anderson,Fantasy,2009,9
964,Think soon choice physical.,Andrea Cummings,Mystery,2013,8
965,Campaign despite major likely.,Cole Flynn,Romance,2003,7
966,Evidence.,Erica Clark MD,Mystery,1995,7
967,Gas carry many.,Anita Nelson,Mystery,2011,10
968,Decade.,Jenna Aguilar,Math,1983,2
969,Another its season.,Cameron Thomas,Biography,1992,3
970,Local identify.,Ethan Donovan,Math,2011,10
971,Court would process.,David Austin,Math,1997,5
972,Conference rather adult.,Henry Long,Romance,2000,7
973,Before old end.,Vanessa Frey,Math,2003,4
974,Tell policy.,Alexander Dawson,Non-fiction,1981,7
975,Tv business.,Keith Smith,Romance,1999,1
976,Available so account.,Barbara Cain,Science,1986,10
977,Late.,Craig Wilson,Non-fiction,1997,4
978,Action view like.,Patrick Conner,Fantasy,2001,1
979,Discussion million product.,Julie Conner,Fantasy,1989,3
980,Arm business.,Nathaniel Anderson,Mystery,2014,8
981,Lawyer contain.,Kayla Alvarez,Science,2006,8
982,Themselves.,Darin Khan,Science,1989,1
983,Whom side three.,Ashley Rasmussen,Mystery,2002,3
984,Hour.,Janice Blair,Science,1997,4
985,Ground like.,Joseph Johnson,Non-fiction,1987,7
986,Raise start art.,Brianna Daniels,Non-fiction,2007,7
987,As protect.,Zoe Barnes,Romance,2003,5
988,Various field.,Andrew Rodriguez,Fantasy,2005,4
989,Shake few.,Dawn Hodge,Fiction,1997,7
990,Attention hope.,Sara Reynolds,Non-fiction,2000,8
991,Six technology area.,Steven Smith,Romance,1999,9
992,Think night concern.,Dustin Martinez,Non-fiction,2007,8
993,Quite feel activity.,Christian Young,Math,1997,7
994,Treatment other.,Angela Gordon,Fantasy,2010,6
995,Can offer.,Lisa Coleman,Biography,1982,8
996,Rule loss.,Tina Conley,Fiction,1996,10
997,Kind meet.,Albert Conner,Romance,2023,4
998,Throughout sell nothing.,Terry Howell DDS,Romance,2010,7
999,Best security tonight.,Timothy Goodwin,Science,1996,8
1000,Still beat.,Jesse Mendoza,Non-fiction,2003,4
